82003004,12:37:43,Me,1
82003004,18:17:51,Me,2
82003004,18:28:41,Me,2
82003004,18:35:55,Me,2
82003009,18:17:52,Me,2
82003009,18:28:53,Me,1
82003014,12:31:48,Me,2
82003014,12:55:21,Me,1
82003014,18:17:54,Me,1
82003014,18:21:58,Me,3
82003014,18:29:11,Me,1
82003019,12:37:55,Me,1
82003019,13:11:35,Me,3
82003019,18:17:54,Me,3
82003019,18:29:23,Me,1
82003019,18:36:09,Me,2
82003024,18:17:56,Me,3
82003024,18:29:39,Me,2
82003029,18:17:57,Me,1
82003029,18:29:57,Me,1
82003034,12:55:11,Me,2
82003034,18:17:59,Me,1
82003034,18:30:18,Me,2
82003039,12:38:01,Me,1
82003039,12:55:20,Me,2
82003039,18:18:00,Me,1
82003039,18:30:29,Me,1
82003045,18:18:02,Me,3
82003045,18:30:39,Me,1
82003050,12:33:39,Me,2
82003050,18:18:03,Me,3
82003050,18:30:51,Me,2
82003055,18:18:05,Me,2
82003055,18:31:19,Me,3
82003060,12:37:37,Me,2
82003060,12:54:55,Me,1
82003060,18:18:07,Me,1
82003060,18:31:21,Me,1
82003065,18:18:08,Me,1
82003065,18:31:22,Me,2
82003065,18:34:31,Me,3
82003072,12:55:04,Me,3
82003072,13:11:53,Me,3
82003072,18:18:09,Me,1
82003072,18:31:24,Me,2
82003077,12:31:22,Me,2
82003077,12:37:56,Me,1
82003077,12:54:46,Me,3
82003077,18:18:11,Me,2
82003077,18:31:26,Me,3
82003082,18:18:13,Me,2
82003082,18:31:27,Me,2
82003087,18:18:14,Me,2
82003087,18:31:28,Me,1
82003092,18:18:16,Me,2
82003092,18:31:29,Me,2
82003097,18:18:17,Me,1
82003097,18:31:31,Me,2
82003097,18:35:33,Me,2
82003097,18:36:18,Me,2
82003102,18:18:18,Me,2
82003102,18:31:32,Me,1
82003107,18:18:19,Me,2
82003107,18:31:34,Me,3
82003107,18:35:57,Me,1
82003112,18:18:20,Me,1
82003112,18:31:36,Me,1
82003117,12:30:40,Me,2
82003117,18:18:22,Me,1
82003117,18:31:39,Me,1
82003122,18:18:24,Me,1
82003122,18:31:40,Me,1
82003127,12:37:37,Me,3
82003127,18:18:26,Me,3
82003127,18:31:41,Me,3
82003132,12:38:17,Me,2
82003132,18:18:27,Me,3
82003132,18:31:43,Me,3
82003132,18:36:16,Me,1
82003137,12:37:45,Me,3
82003137,18:18:29,Me,2
82003137,18:31:44,Me,3
82003137,18:35:25,Me,1
82003137,18:36:09,Me,2
82003142,12:54:40,Me,1
82003142,12:54:47,Me,1
82003142,18:18:31,Me,2
82003142,18:31:45,Me,2
82003147,12:37:42,Me,2
82003147,18:18:32,Me,3
82003147,18:31:47,Me,1
82003152,12:30:57,Me,2
82003152,12:54:35,Me,1
82003152,18:18:33,Me,2
82003152,18:31:48,Me,3
82003157,18:18:34,Me,3
82003157,18:31:50,Me,1
82003162,18:18:36,Me,3
82003162,18:31:51,Me,1
82003167,18:18:37,Me,2
82003167,18:31:52,Me,1
82003172,18:18:39,Me,1
82003172,18:31:53,Me,1
82003177,13:11:46,Me,2
82003177,18:18:40,Me,3
82003177,18:31:55,Me,2
82003182,12:38:29,Me,3
82003182,18:18:41,Me,1
82003182,18:31:56,Me,3
82003182,18:33:44,Me,2
82003187,12:54:41,Me,2
82003187,18:18:43,Me,1
82003187,18:31:58,Me,2
82003192,18:18:45,Me,1
82003192,18:31:59,Me,3
82003197,12:32:35,Me,2
82003197,18:18:47,Me,2
82003197,18:32:00,Me,1
82003197,18:33:37,Me,3
82003207,12:33:44,Me,3
82003207,12:37:47,Me,3
82003212,18:33:36,Me,3
82003217,12:37:52,Me,1
82003222,12:31:03,Me,1
82003222,18:34:07,Me,3
82003227,12:38:24,Me,1
82003232,13:11:49,Me,3
82003232,18:35:59,Me,2
82003242,13:11:45,Me,2
82003242,18:35:30,Me,3
82003247,13:11:37,Me,1
82003252,12:30:19,Me,2
82003252,12:31:08,Me,1
82003252,12:38:29,Me,2
82003252,13:11:12,Me,3
82003257,18:34:02,Me,1
82003262,18:36:05,Me,1
82003272,12:54:55,Me,2
82003277,12:37:57,Me,2
82003277,13:11:28,Me,3
82003287,12:38:13,Me,3
82003287,12:54:55,Me,2
82003287,13:11:44,Me,1
82003287,18:35:43,Me,2
82003292,12:37:48,Me,1
82003292,12:54:40,Me,3
82003292,13:11:21,Me,3
82003297,12:33:33,Me,2
82003307,13:11:29,Me,1
82003317,13:11:43,Me,3
82003317,18:34:25,Me,1
82003327,18:34:03,Me,1
82003327,18:36:10,Me,1
82003332,13:11:12,Me,3
82003332,18:33:43,Me,1
82003337,12:38:02,Me,1
82003352,12:55:13,Me,3
82003352,13:11:16,Me,1
82003352,13:11:23,Me,2
82003357,18:33:37,Me,1
82003362,04:26:48,Me,2
82003362,18:33:58,Me,2
82003367,12:54:24,Me,1
82003367,18:35:55,Me,1
82003367,18:35:59,Me,2
82003372,12:30:54,Me,3
82003372,12:54:38,Me,3
82003372,18:33:54,Me,2
82003372,18:36:12,Me,2
82003372,18:36:23,Me,1
82003387,12:54:25,Me,2
82003387,13:11:29,Me,3
82003387,18:36:24,Me,2
82003397,12:38:22,Me,2
82003402,18:35:27,Me,1
82003412,13:11:48,Me,1
82003417,18:35:37,Me,3
82003427,12:37:57,Me,1
82003427,18:33:47,Me,2
82003432,12:54:23,Me,3
82003437,18:33:46,Me,3
82003442,13:11:08,Me,3
82003442,18:33:48,Me,2
82003447,12:55:13,Me,3
82003452,13:11:31,Me,2
82003457,12:54:54,Me,2
82003462,12:37:48,Me,2
82003462,18:36:18,Me,2
82003467,12:38:32,Me,1
82003472,18:36:17,Me,1
82003477,12:55:12,Me,1
82003477,12:55:22,Me,2
82003487,18:33:51,Me,2
82003492,13:11:25,Me,3
82003497,12:54:27,Me,3
82003507,12:38:22,Me,2
82003507,18:36:07,Me,3
82003512,12:55:17,Me,3
82003517,18:35:39,Me,2
82003522,13:11:48,Me,3
82003532,18:34:22,Me,2
82003542,18:33:58,Me,3
82003000,12:55:02,Me,1
82003000,18:17:51,Me,3
82003000,18:28:34,Me,2
82003005,12:32:04,Me,2
82003005,18:17:52,Me,2
82003005,18:21:55,Me,2
82003005,18:28:44,Me,1
82003005,18:35:28,Me,3
82003010,18:17:53,Me,3
82003010,18:28:57,Me,3
82003010,18:34:13,Me,2
82003015,18:17:54,Me,3
82003015,18:29:13,Me,3
82003015,18:35:50,Me,2
82003020,12:37:56,Me,2
82003020,12:38:02,Me,3
82003020,18:17:55,Me,2
82003020,18:29:24,Me,2
82003025,18:17:56,Me,2
82003025,18:29:42,Me,1
82003025,18:36:19,Me,2
82003030,18:17:57,Me,2
82003030,18:30:03,Me,3
82003035,13:11:05,Me,2
82003035,18:17:59,Me,1
82003035,18:30:19,Me,3
82003035,18:35:27,Me,3
82003040,18:18:00,Me,2
82003040,18:30:31,Me,3
82003046,12:32:01,Me,3
82003046,18:18:02,Me,1
82003046,18:30:40,Me,1
82003046,18:34:26,Me,3
82003046,18:36:21,Me,3
82003051,12:55:02,Me,1
82003051,13:11:10,Me,3
82003051,18:18:03,Me,1
82003051,18:30:54,Me,3
82003056,18:18:05,Me,3
82003056,18:31:19,Me,2
82003061,18:18:07,Me,3
82003061,18:31:21,Me,2
82003066,12:55:00,Me,2
82003066,18:18:08,Me,3
82003066,18:31:22,Me,2
82003073,12:32:34,Me,2
82003073,18:18:10,Me,1
82003073,18:31:24,Me,2
82003073,18:34:20,Me,1
82003078,12:55:10,Me,1
82003078,18:18:12,Me,3
82003078,18:31:26,Me,3
82003078,18:36:26,Me,3
82003083,18:18:13,Me,1
82003083,18:31:27,Me,3
82003088,12:37:47,Me,1
82003088,18:18:15,Me,1
82003088,18:31:28,Me,1
82003093,18:18:16,Me,2
82003093,18:31:29,Me,3
82003098,13:11:15,Me,2
82003098,18:18:17,Me,2
82003098,18:31:31,Me,1
82003103,18:18:18,Me,1
82003103,18:31:33,Me,3
82003108,18:18:19,Me,2
82003108,18:31:35,Me,3
82003113,12:38:08,Me,2
82003113,12:54:30,Me,3
82003113,18:18:21,Me,2
82003113,18:31:37,Me,3
82003118,18:18:22,Me,2
82003118,18:31:39,Me,1
82003123,13:11:33,Me,2
82003123,18:18:25,Me,2
82003123,18:31:41,Me,1
82003123,18:35:48,Me,3
82003128,12:55:09,Me,2
82003128,18:18:26,Me,2
82003128,18:31:42,Me,3
82003133,12:33:06,Me,2
82003133,13:12:02,Me,3
82003133,18:18:27,Me,3
82003133,18:31:43,Me,2
82003138,12:38:20,Me,1
82003138,18:18:29,Me,1
82003138,18:31:44,Me,3
82003143,18:18:31,Me,2
82003143,18:31:45,Me,3
82003148,18:18:32,Me,1
82003148,18:31:47,Me,2
82003153,13:11:06,Me,1
82003153,18:18:33,Me,3
82003153,18:31:48,Me,2
82003158,12:33:01,Me,3
82003158,18:18:35,Me,2
82003158,18:31:50,Me,2
82003163,18:18:36,Me,1
82003163,18:31:51,Me,1
82003163,18:33:45,Me,2
82003168,18:18:38,Me,3
82003168,18:31:52,Me,1
82003168,18:34:20,Me,2
82003173,13:11:41,Me,1
82003173,18:18:39,Me,1
82003173,18:31:53,Me,2
82003173,18:34:33,Me,2
82003178,12:54:35,Me,1
82003178,18:18:40,Me,3
82003178,18:31:55,Me,1
82003183,12:54:27,Me,3
82003183,18:18:42,Me,3
82003183,18:31:56,Me,3
82003188,18:18:43,Me,3
82003188,18:31:58,Me,1
82003193,18:18:46,Me,1
82003193,18:31:59,Me,1
82003198,18:18:48,Me,2
82003198,18:32:00,Me,3
82003198,18:36:00,Me,1
82003208,18:34:32,Me,1
82003208,18:35:44,Me,1
82003213,12:31:57,Me,3
82003213,12:37:37,Me,1
82003223,18:35:49,Me,2
82003238,12:54:22,Me,2
82003238,13:11:11,Me,3
82003238,18:33:53,Me,2
82003243,12:38:27,Me,1
82003248,12:30:13,Me,2
82003248,12:38:03,Me,1
82003258,12:38:19,Me,1
82003258,13:11:25,Me,1
82003263,12:32:53,Me,3
82003273,18:33:56,Me,3
82003273,18:34:20,Me,1
82003278,18:33:57,Me,1
82003283,12:32:14,Me,2
82003283,12:38:17,Me,1
82003283,18:33:59,Me,3
82003283,18:36:19,Me,2
82003293,18:34:29,Me,3
82003298,12:37:37,Me,1
82003308,12:54:27,Me,2
82003323,13:11:37,Me,1
82003323,18:34:03,Me,3
82003323,18:34:13,Me,3
82003328,12:54:40,Me,1
82003328,12:55:18,Me,1
82003328,18:35:36,Me,3
82003333,18:35:34,Me,1
82003343,13:11:10,Me,3
82003348,12:55:07,Me,1
82003348,13:11:57,Me,2
82003348,18:35:35,Me,2
82003353,12:55:08,Me,1
82003353,18:34:31,Me,3
82003373,18:36:13,Me,2
82003393,12:55:01,Me,1
82003393,18:33:46,Me,2
82003398,12:37:59,Me,1
82003398,12:38:12,Me,1
82003398,12:54:34,Me,1
82003403,12:32:07,Me,1
82003403,12:38:33,Me,1
82003408,12:55:14,Me,1
82003423,12:37:53,Me,3
82003423,13:11:18,Me,2
82003433,12:38:05,Me,3
82003433,12:38:05,Me,3
82003438,18:33:41,Me,1
82003458,12:31:52,Me,3
82003458,12:32:56,Me,3
82003458,12:54:46,Me,2
82003463,18:33:59,Me,2
82003473,12:55:15,Me,3
82003488,12:54:59,Me,2
82003493,18:35:56,Me,1
82003498,13:11:46,Me,3
82003498,18:34:02,Me,3
82003508,13:11:34,Me,1
82003508,18:34:30,Me,2
82003513,18:33:46,Me,1
82003518,12:54:37,Me,1
82003518,18:36:14,Me,3
82003523,12:38:27,Me,2
82003527,13:11:40,Me,3
82003533,12:38:15,Me,1
82003538,12:31:42,Me,2
82003538,12:37:42,Me,2
82003538,18:33:52,Me,3
82003543,12:38:04,Me,1
82003543,18:34:23,Me,1
82003548,12:37:38,Me,3
82003553,18:34:05,Me,3
82003553,18:36:17,Me,2
82003558,12:37:41,Me,3
82003563,12:55:16,Me,2
82003563,13:11:35,Me,2
82003563,18:34:18,Me,1
82003568,18:36:15,Me,2
82003573,12:38:28,Me,2
82003573,12:55:08,Me,1
82003573,18:34:09,Me,2
82003578,12:38:30,Me,1
82003593,18:36:02,Me,2
82003598,12:38:26,Me,3
82003598,13:11:56,Me,1
82003598,18:33:49,Me,2
82003603,18:36:17,Me,1
82003608,12:55:02,Me,2
82003618,12:54:53,Me,2
82003001,18:17:51,Me,2
82003001,18:28:37,Me,2
82003001,18:34:11,Me,2
82003006,12:38:20,Me,3
82003006,12:38:27,Me,3
82003006,18:17:52,Me,3
82003006,18:28:46,Me,1
82003011,18:17:53,Me,3
82003011,18:29:03,Me,1
82003016,18:17:54,Me,1
82003016,18:29:15,Me,2
82003021,18:17:55,Me,1
82003021,18:29:28,Me,1
82003026,18:17:56,Me,3
82003026,18:21:56,Me,1
82003026,18:29:46,Me,3
82003031,13:11:14,Me,1
82003031,13:11:53,Me,1
82003031,18:17:58,Me,3
82003031,18:30:06,Me,2
82003031,18:35:36,Me,2
82003036,18:18:00,Me,3
82003036,18:30:23,Me,1
82003041,18:18:01,Me,3
82003041,18:30:31,Me,1
82003041,18:33:53,Me,3
82003047,18:18:02,Me,2
82003047,18:30:42,Me,2
82003052,13:11:59,Me,3
82003052,18:18:04,Me,3
82003052,18:30:56,Me,1
82003052,18:33:44,Me,3
82003057,18:18:06,Me,2
82003057,18:31:20,Me,3
82003062,12:37:59,Me,3
82003062,18:18:07,Me,2
82003062,18:31:21,Me,2
82003067,12:55:09,Me,1
82003067,13:11:33,Me,2
82003067,13:11:36,Me,3
82003067,13:11:52,Me,2
82003067,18:18:09,Me,3
82003067,18:31:23,Me,3
82003067,18:34:04,Me,3
82003074,18:18:10,Me,1
82003074,18:31:24,Me,3
82003074,18:35:54,Me,2
82003079,13:11:21,Me,3
82003079,18:18:12,Me,2
82003079,18:31:26,Me,1
82003084,12:38:33,Me,2
82003084,12:54:28,Me,1
82003084,18:18:13,Me,2
82003084,18:31:28,Me,3
82003084,18:34:30,Me,3
82003084,18:35:26,Me,2
82003084,18:35:54,Me,3
82003089,18:18:15,Me,3
82003089,18:31:28,Me,3
82003094,18:18:16,Me,2
82003094,18:21:57,Me,3
82003094,18:31:30,Me,2
82003099,18:18:17,Me,1
82003099,18:31:32,Me,1
82003104,12:32:20,Me,2
82003104,12:33:26,Me,3
82003104,13:11:05,Me,1
82003104,13:11:07,Me,2
82003104,18:18:18,Me,2
82003104,18:31:33,Me,2
82003109,18:18:20,Me,2
82003109,18:31:35,Me,1
82003109,18:35:59,Me,2
82003114,12:54:36,Me,3
82003114,13:11:18,Me,3
82003114,13:11:43,Me,2
82003114,13:11:59,Me,3
82003114,18:18:21,Me,1
82003114,18:31:37,Me,3
82003114,18:34:29,Me,3
82003114,18:35:57,Me,3
82003119,18:18:23,Me,2
82003119,18:31:39,Me,3
82003119,18:33:50,Me,1
82003124,18:18:25,Me,3
82003124,18:31:41,Me,2
82003124,18:35:42,Me,2
82003129,18:18:26,Me,3
82003129,18:31:42,Me,2
82003134,18:18:28,Me,2
82003134,18:31:43,Me,2
82003139,12:31:08,Me,1
82003139,12:38:21,Me,3
82003139,12:55:16,Me,1
82003139,18:18:29,Me,1
82003139,18:31:45,Me,3
82003144,12:38:35,Me,1
82003144,13:11:16,Me,2
82003144,18:18:31,Me,2
82003144,18:31:46,Me,3
82003149,12:30:31,Me,3
82003149,18:18:32,Me,1
82003149,18:31:47,Me,1
82003154,12:55:05,Me,2
82003154,13:11:56,Me,2
82003154,18:18:34,Me,2
82003154,18:31:49,Me,3
82003159,12:38:01,Me,3
82003159,18:18:35,Me,3
82003159,18:31:51,Me,1
82003164,18:18:37,Me,1
82003164,18:31:51,Me,1
82003169,18:18:38,Me,2
82003169,18:31:52,Me,2
82003174,12:54:41,Me,2
82003174,18:18:39,Me,2
82003174,18:31:54,Me,2
82003174,18:33:39,Me,1
82003174,18:33:49,Me,1
82003179,12:54:24,Me,2
82003179,18:18:41,Me,2
82003179,18:21:56,Me,1
82003179,18:31:55,Me,2
82003179,18:34:14,Me,1
82003184,12:32:28,Me,3
82003184,18:18:42,Me,2
82003184,18:31:57,Me,2
82003184,18:34:24,Me,3
82003189,18:18:44,Me,1
82003189,18:31:58,Me,1
82003194,12:37:55,Me,2
82003194,13:11:39,Me,3
82003194,18:18:46,Me,3
82003194,18:31:59,Me,2
82003199,12:38:23,Me,2
82003199,18:18:48,Me,1
82003199,18:32:01,Me,1
82003204,18:36:24,Me,1
82003209,12:55:14,Me,1
82003234,18:34:05,Me,1
82003234,18:35:43,Me,3
82003239,18:36:03,Me,1
82003239,18:36:22,Me,1
82003244,12:38:34,Me,3
82003244,13:11:15,Me,2
82003249,13:11:11,Me,2
82003254,18:34:19,Me,2
82003259,13:11:29,Me,3
82003264,12:32:59,Me,3
82003269,12:37:57,Me,1
82003269,18:36:06,Me,2
82003274,18:35:44,Me,1
82003279,12:32:48,Me,2
82003304,18:34:26,Me,1
82003309,13:12:04,Me,1
82003324,18:36:05,Me,2
82003329,12:54:22,Me,1
82003339,12:55:06,Me,2
82003344,13:11:50,Me,1
82003344,18:33:38,Me,2
82003344,18:35:41,Me,1
82003349,18:36:20,Me,1
82003359,18:34:19,Me,1
82003359,18:35:50,Me,1
82003364,12:54:40,Me,2
82003364,13:11:54,Me,2
82003369,18:34:33,Me,3
82003374,12:31:09,Me,2
82003384,18:33:41,Me,2
82003389,13:11:26,Me,3
82003409,12:54:50,Me,2
82003409,18:33:54,Me,1
82003424,18:34:22,Me,2
82003434,13:11:35,Me,1
82003439,12:38:05,Me,1
82003444,12:38:03,Me,1
82003444,13:11:09,Me,1
82003444,18:36:08,Me,3
82003449,18:33:40,Me,3
82003449,18:36:24,Me,2
82003454,18:35:58,Me,3
82003464,12:37:38,Me,2
82003464,18:35:40,Me,3
82003474,18:34:14,Me,3
82003474,18:35:35,Me,3
82003474,18:36:03,Me,1
82003479,18:34:17,Me,3
82003489,13:11:20,Me,2
82003499,12:38:15,Me,1
82003509,12:54:35,Me,3
82003509,12:55:15,Me,1
82003519,12:37:54,Me,2
82003524,18:34:28,Me,2
82003529,18:34:10,Me,2
82003534,13:11:17,Me,1
82003539,13:11:31,Me,1
82003539,18:36:26,Me,1
82003559,13:11:41,Me,3
82003564,13:11:32,Me,1
82003564,13:12:04,Me,3
82003584,12:37:37,Me,3
82003584,13:11:34,Me,3
82003584,18:34:31,Me,3
82003589,18:35:37,Me,2
82003594,18:35:52,Me,2
82003599,12:37:40,Me,2
82003599,13:11:37,Me,3
82003599,18:33:59,Me,1
82003599,18:34:11,Me,3
82003604,12:31:30,Me,3
82003614,18:36:13,Me,2
82003619,18:35:31,Me,2
82003624,12:38:06,Me,3
82003624,18:34:16,Me,3
82003639,12:31:17,Me,1
82003649,13:11:27,Me,2
82003649,18:34:18,Me,1
82003654,12:33:31,Me,2
82003654,18:34:15,Me,1
82003654,18:34:31,Me,1
82003659,12:38:31,Me,2
82003664,12:31:49,Me,3
82003685,12:32:39,Me,1
82003691,12:54:23,Me,1
82003691,13:11:38,Me,3
82003691,13:12:03,Me,1
82003696,12:55:04,Me,2
82003706,12:55:03,Me,1
82003716,04:27:50,Me,3
82003716,18:36:22,Me,3
82003721,12:38:19,Me,1
82003721,12:38:21,Me,2
82003731,13:11:47,Me,3
82003759,12:38:28,Me,2
82003764,12:54:59,Me,2
82003770,18:34:19,Me,3
82003002,18:17:51,Me,3
82003002,18:28:40,Me,2
82003002,18:35:49,Me,2
82003002,18:36:11,Me,1
82003007,18:17:52,Me,3
82003007,18:28:48,Me,1
82003012,13:11:22,Me,2
82003012,18:17:53,Me,2
82003012,18:29:04,Me,3
82003017,18:17:54,Me,3
82003017,18:29:17,Me,3
82003022,12:38:04,Me,1
82003022,18:17:55,Me,2
82003022,18:29:32,Me,1
82003022,18:35:26,Me,1
82003027,18:17:56,Me,3
82003027,18:29:51,Me,3
82003032,12:30:24,Me,1
82003032,18:17:58,Me,3
82003032,18:30:10,Me,1
82003032,18:36:19,Me,2
82003037,12:54:42,Me,2
82003037,12:55:21,Me,2
82003037,18:18:00,Me,2
82003037,18:30:24,Me,1
82003043,12:37:58,Me,1
82003043,18:18:01,Me,3
82003043,18:30:33,Me,3
82003048,18:18:03,Me,3
82003048,18:30:48,Me,1
82003053,12:54:32,Me,1
82003053,13:11:20,Me,1
82003053,18:18:04,Me,3
82003053,18:31:01,Me,2
82003053,18:31:18,Me,3
82003058,18:18:06,Me,3
82003058,18:31:20,Me,3
82003058,18:33:41,Me,1
82003058,18:34:22,Me,2
82003063,18:18:07,Me,3
82003063,18:31:21,Me,1
82003070,12:38:15,Me,3
82003070,12:38:19,Me,3
82003070,12:55:04,Me,3
82003070,18:18:09,Me,2
82003070,18:31:23,Me,1
82003075,18:18:10,Me,3
82003075,18:31:25,Me,3
82003075,18:36:03,Me,2
82003080,12:38:19,Me,2
82003080,18:18:12,Me,3
82003080,18:31:26,Me,2
82003080,18:33:52,Me,3
82003085,12:38:10,Me,2
82003085,18:18:13,Me,1
82003085,18:31:28,Me,2
82003090,18:18:15,Me,2
82003090,18:31:29,Me,1
82003095,18:18:16,Me,2
82003095,18:31:30,Me,3
82003100,13:11:39,Me,2
82003100,18:18:17,Me,2
82003100,18:31:32,Me,1
82003100,18:35:48,Me,2
82003105,18:18:18,Me,1
82003105,18:31:34,Me,2
82003110,12:31:52,Me,2
82003110,18:18:20,Me,1
82003110,18:31:36,Me,1
82003110,18:36:24,Me,1
82003115,13:11:47,Me,2
82003115,18:18:21,Me,1
82003115,18:31:38,Me,2
82003120,13:11:53,Me,1
82003120,13:11:56,Me,1
82003120,18:18:23,Me,3
82003120,18:31:39,Me,2
82003120,18:35:44,Me,2
82003125,12:37:38,Me,3
82003125,18:18:25,Me,3
82003125,18:31:41,Me,3
82003130,12:31:00,Me,1
82003130,18:18:27,Me,3
82003130,18:31:42,Me,1
82003135,12:55:18,Me,3
82003135,18:18:28,Me,3
82003135,18:31:44,Me,2
82003135,18:33:34,Me,2
82003140,18:18:30,Me,1
82003140,18:21:57,Me,3
82003140,18:31:45,Me,3
82003140,18:36:07,Me,2
82003145,12:33:04,Me,3
82003145,13:12:01,Me,3
82003145,18:18:31,Me,2
82003145,18:31:46,Me,2
82003145,18:36:15,Me,1
82003150,13:11:27,Me,3
82003150,18:18:32,Me,3
82003150,18:31:48,Me,1
82003150,18:34:21,Me,2
82003155,18:18:34,Me,1
82003155,18:31:49,Me,2
82003160,18:18:35,Me,1
82003160,18:31:51,Me,2
82003165,12:55:19,Me,1
82003165,18:18:37,Me,1
82003165,18:31:51,Me,2
82003170,18:18:38,Me,1
82003170,18:21:55,Me,3
82003170,18:31:53,Me,3
82003170,18:36:01,Me,2
82003175,12:55:10,Me,3
82003175,18:18:39,Me,2
82003175,18:31:54,Me,1
82003175,18:34:10,Me,2
82003175,18:35:32,Me,1
82003180,12:54:30,Me,2
82003180,12:55:20,Me,3
82003180,13:12:02,Me,2
82003180,18:18:41,Me,2
82003180,18:31:56,Me,1
82003185,12:38:26,Me,1
82003185,18:18:42,Me,1
82003185,18:31:57,Me,3
82003190,18:18:44,Me,3
82003190,18:31:58,Me,2
82003190,18:34:27,Me,2
82003195,18:18:46,Me,3
82003195,18:31:59,Me,3
82003200,12:55:02,Me,2
82003220,18:33:41,Me,1
82003225,18:34:06,Me,3
82003225,18:35:45,Me,3
82003230,13:11:38,Me,1
82003230,18:34:12,Me,2
82003235,12:37:42,Me,1
82003235,13:11:07,Me,1
82003235,13:11:33,Me,3
82003240,12:38:24,Me,3
82003240,13:11:06,Me,1
82003240,18:35:26,Me,1
82003245,13:11:06,Me,3
82003245,18:36:00,Me,2
82003260,18:36:14,Me,2
82003275,18:34:07,Me,3
82003280,12:55:01,Me,2
82003295,12:54:51,Me,3
82003295,13:11:18,Me,2
82003300,12:55:13,Me,1
82003305,12:38:05,Me,3
82003310,18:34:12,Me,3
82003320,13:11:05,Me,3
82003320,13:11:39,Me,1
82003325,12:37:51,Me,2
82003345,18:35:46,Me,2
82003350,18:36:17,Me,1
82003360,12:54:47,Me,1
82003360,18:33:41,Me,1
82003365,12:55:12,Me,2
82003365,18:36:14,Me,1
82003375,12:54:23,Me,1
82003375,12:54:43,Me,3
82003375,18:35:38,Me,2
82003380,12:55:11,Me,1
82003385,12:38:13,Me,1
82003385,18:33:49,Me,2
82003385,18:36:22,Me,3
82003390,12:55:15,Me,2
82003395,12:30:33,Me,1
82003395,18:33:42,Me,2
82003400,18:34:28,Me,1
82003405,12:38:11,Me,1
82003405,13:11:16,Me,2
82003405,13:11:28,Me,3
82003405,18:34:01,Me,3
82003415,18:35:27,Me,1
82003425,18:36:01,Me,3
82003430,12:38:25,Me,3
82003430,13:11:42,Me,3
82003430,18:33:51,Me,1
82003435,13:11:58,Me,3
82003440,12:33:39,Me,3
82003440,12:38:30,Me,1
82003440,12:54:49,Me,3
82003440,18:33:46,Me,1
82003445,13:11:13,Me,1
82003445,18:34:15,Me,1
82003445,18:35:32,Me,2
82003450,12:37:46,Me,1
82003455,12:32:29,Me,2
82003460,12:54:51,Me,2
82003460,18:34:20,Me,2
82003465,12:55:21,Me,1
82003470,13:12:05,Me,1
82003480,12:54:44,Me,1
82003485,12:38:14,Me,2
82003485,12:54:45,Me,1
82003485,18:33:53,Me,2
82003490,12:33:16,Me,3
82003495,18:33:57,Me,2
82003495,18:36:04,Me,1
82003500,12:54:29,Me,2
82003505,12:38:01,Me,3
82003505,18:36:16,Me,1
82003510,12:38:04,Me,3
82003510,18:34:00,Me,2
82003520,18:35:28,Me,2
82003525,12:37:44,Me,1
82003525,12:37:46,Me,3
82003525,18:34:29,Me,2
82003530,13:12:00,Me,1
82003530,18:33:44,Me,3
82003530,18:35:43,Me,3
82003535,18:34:26,Me,1
82003540,12:54:51,Me,1
82003540,12:55:10,Me,3
82003540,18:34:24,Me,2
82003550,12:38:29,Me,3
82003550,13:12:00,Me,2
82003555,18:35:47,Me,3
82003565,18:34:31,Me,3
82003565,18:35:26,Me,3
82003570,18:33:56,Me,3
82003580,13:11:47,Me,3
82003580,18:35:44,Me,2
82003590,12:38:18,Me,2
82003590,18:35:40,Me,1
82003595,12:33:39,Me,1
82003595,12:37:50,Me,3
82003595,12:54:57,Me,1
82003600,12:54:33,Me,3
82003605,12:37:58,Me,2
82003615,13:11:45,Me,3
82003620,12:54:36,Me,3
82003630,12:37:51,Me,3
82003630,18:36:19,Me,1
82003635,12:54:48,Me,2
82003645,13:11:11,Me,2
82003645,13:11:46,Me,2
82003645,13:12:00,Me,3
82003660,12:38:31,Me,2
82003660,12:54:49,Me,1
82003671,12:38:11,Me,3
82003671,12:55:08,Me,3
82003671,18:34:22,Me,1
82003676,12:38:07,Me,1
82003676,18:33:48,Me,3
82003681,12:30:38,Me,3
82003681,13:11:19,Me,2
82003681,18:35:33,Me,3
82003681,18:36:26,Me,1
82003686,12:33:43,Me,1
82003686,13:11:19,Me,1
82003686,13:11:24,Me,1
82003707,12:54:22,Me,2
82003707,12:54:37,Me,3
82003707,12:54:51,Me,1
82003707,12:55:19,Me,3
82003727,12:33:48,Me,3
82003727,12:38:18,Me,3
82003732,12:38:09,Me,3
82003737,12:55:16,Me,2
82003743,18:36:23,Me,3
82003749,12:37:39,Me,3
82003749,12:37:56,Me,2
82003749,12:54:52,Me,3
82003755,12:54:35,Me,3
82003755,13:11:55,Me,3
82003755,18:34:18,Me,2
82003772,12:37:50,Me,3
82003772,13:11:22,Me,2
82003777,12:37:47,Me,3
82003777,13:11:28,Me,2
82003777,13:11:43,Me,1
82003783,12:31:26,Me,2
82003783,13:11:56,Me,1
82003789,12:31:12,Me,2
82003789,12:37:41,Me,2
82003794,12:54:27,Me,2
82003799,13:11:23,Me,2
82003003,18:17:51,Me,3
82003003,18:28:41,Me,1
82003008,18:17:52,Me,1
82003008,18:28:50,Me,1
82003013,13:11:59,Me,2
82003013,18:17:54,Me,1
82003013,18:29:08,Me,2
82003013,18:35:29,Me,3
82003013,18:35:38,Me,3
82003018,18:17:54,Me,1
82003018,18:29:20,Me,3
82003023,12:31:49,Me,1
82003023,18:17:56,Me,1
82003023,18:29:38,Me,1
82003023,18:33:50,Me,2
82003023,18:34:21,Me,3
82003023,18:35:39,Me,3
82003028,18:17:57,Me,1
82003028,18:29:55,Me,3
82003033,18:17:59,Me,1
82003033,18:30:13,Me,3
82003033,18:36:06,Me,3
82003038,18:18:00,Me,2
82003038,18:21:56,Me,3
82003038,18:30:28,Me,1
82003044,18:18:02,Me,3
82003044,18:30:35,Me,1
82003044,18:36:05,Me,2
82003049,12:37:58,Me,2
82003049,18:18:03,Me,3
82003049,18:30:50,Me,3
82003054,18:18:05,Me,2
82003054,18:31:19,Me,1
82003059,18:18:06,Me,2
82003059,18:31:20,Me,2
82003064,12:37:49,Me,3
82003064,18:18:07,Me,2
82003064,18:31:22,Me,1
82003071,18:18:09,Me,2
82003071,18:31:23,Me,1
82003071,18:33:40,Me,3
82003071,18:35:49,Me,3
82003076,18:18:11,Me,1
82003076,18:31:25,Me,3
82003076,18:33:33,Me,1
82003076,18:35:37,Me,3
82003081,12:54:24,Me,3
82003081,13:11:49,Me,2
82003081,18:18:12,Me,2
82003081,18:31:26,Me,2
82003086,18:18:14,Me,2
82003086,18:21:55,Me,3
82003086,18:31:28,Me,2
82003086,18:33:56,Me,2
82003091,13:11:36,Me,2
82003091,18:18:16,Me,3
82003091,18:31:29,Me,2
82003096,12:55:00,Me,1
82003096,18:18:16,Me,1
82003096,18:31:31,Me,1
82003101,18:18:17,Me,1
82003101,18:31:32,Me,3
82003106,18:18:19,Me,3
82003106,18:31:34,Me,1
82003106,18:34:29,Me,1
82003111,18:18:20,Me,3
82003111,18:31:36,Me,2
82003111,18:33:53,Me,1
82003116,18:18:22,Me,1
82003116,18:31:38,Me,2
82003121,18:18:24,Me,1
82003121,18:21:57,Me,1
82003121,18:31:40,Me,2
82003126,18:18:25,Me,1
82003126,18:31:41,Me,2
82003126,18:35:36,Me,3
82003131,18:18:27,Me,3
82003131,18:31:43,Me,1
82003136,12:55:02,Me,1
82003136,18:18:28,Me,1
82003136,18:31:44,Me,1
82003141,18:18:30,Me,1
82003141,18:31:45,Me,2
82003146,18:18:31,Me,1
82003146,18:31:46,Me,3
82003146,18:34:09,Me,3
82003151,12:37:45,Me,3
82003151,18:18:33,Me,3
82003151,18:31:48,Me,2
82003151,18:35:51,Me,3
82003156,13:11:13,Me,2
82003156,13:11:52,Me,1
82003156,18:18:34,Me,3
82003156,18:31:49,Me,3
82003156,18:36:00,Me,3
82003161,18:18:36,Me,3
82003161,18:31:51,Me,1
82003166,13:11:35,Me,3
82003166,18:18:37,Me,1
82003166,18:31:51,Me,2
82003166,18:35:56,Me,3
82003171,12:38:13,Me,1
82003171,18:18:38,Me,3
82003171,18:31:53,Me,3
82003176,12:54:45,Me,3
82003176,12:55:18,Me,2
82003176,18:18:40,Me,1
82003176,18:31:55,Me,1
82003176,18:35:32,Me,1
82003181,12:31:02,Me,2
82003181,12:38:19,Me,3
82003181,18:18:41,Me,2
82003181,18:31:56,Me,1
82003186,12:54:25,Me,2
82003186,18:18:43,Me,2
82003186,18:31:57,Me,3
82003186,18:33:34,Me,2
82003186,18:36:11,Me,2
82003191,12:37:41,Me,2
82003191,18:18:45,Me,3
82003191,18:31:59,Me,2
82003191,18:33:59,Me,1
82003196,18:18:47,Me,1
82003196,18:32:00,Me,1
82003196,18:34:29,Me,1
82003206,12:31:39,Me,3
82003206,12:37:40,Me,3
82003206,12:54:32,Me,2
82003206,12:55:03,Me,3
82003211,13:12:03,Me,1
82003221,12:37:54,Me,1
82003221,12:54:24,Me,3
82003231,18:35:47,Me,2
82003231,18:36:09,Me,1
82003236,13:11:48,Me,1
82003241,13:11:48,Me,1
82003246,12:31:44,Me,3
82003251,12:54:57,Me,3
82003261,12:38:12,Me,3
82003261,12:38:33,Me,1
82003261,13:11:55,Me,3
82003276,12:38:12,Me,2
82003281,12:38:16,Me,1
82003286,12:55:04,Me,1
82003286,18:33:35,Me,2
82003291,12:54:31,Me,1
82003291,12:54:53,Me,3
82003291,13:11:10,Me,2
82003291,13:11:54,Me,2
82003301,13:11:20,Me,2
82003316,12:54:44,Me,2
82003321,12:38:23,Me,2
82003321,12:54:43,Me,1
82003321,18:36:06,Me,2
82003336,13:11:40,Me,3
82003336,18:33:59,Me,3
82003341,12:38:13,Me,1
82003346,12:37:57,Me,3
82003361,12:54:34,Me,1
82003361,18:36:10,Me,3
82003366,13:11:33,Me,1
82003371,12:38:10,Me,3
82003376,12:55:07,Me,1
82003386,13:11:25,Me,3
82003386,18:34:18,Me,3
82003391,12:54:43,Me,1
82003396,18:33:44,Me,3
82003406,18:35:30,Me,3
82003411,13:11:39,Me,2
82003416,12:37:49,Me,1
82003416,12:54:52,Me,2
82003416,18:35:38,Me,1
82003421,18:33:33,Me,3
82003421,18:34:18,Me,2
82003426,12:38:29,Me,3
82003426,18:35:53,Me,3
82003431,12:37:53,Me,3
82003431,12:54:40,Me,2
82003436,12:37:47,Me,1
82003436,12:54:48,Me,1
82003446,18:33:53,Me,1
82003451,18:36:18,Me,1
82003456,12:54:40,Me,3
82003456,13:11:08,Me,3
82003466,12:38:35,Me,1
82003471,18:34:16,Me,3
82003471,18:34:32,Me,3
82003476,12:55:00,Me,2
82003476,18:35:39,Me,1
82003491,18:34:15,Me,3
82003496,18:35:51,Me,1
82003501,12:54:56,Me,1
82003501,18:36:23,Me,2
82003511,12:54:49,Me,2
82003511,13:12:03,Me,1
82003516,18:36:01,Me,1
82003516,18:36:06,Me,2
82003531,18:36:21,Me,2
82003541,12:37:53,Me,1
82003546,12:38:31,Me,1
82003546,18:35:42,Me,1
82003551,18:35:40,Me,2
82003556,12:37:52,Me,1
82003556,18:34:31,Me,1
82003561,12:54:21,Me,1
82003561,18:34:23,Me,2
82003561,18:35:36,Me,3
82003566,12:54:35,Me,3
82003576,18:35:27,Me,1
82003581,12:54:29,Me,3
82003586,12:30:11,Me,1
82003596,18:35:29,Me,1
82003616,13:11:53,Me,1
82003631,12:38:08,Me,2
82003641,12:38:22,Me,3
82003677,12:37:59,Me,1
82003677,18:36:09,Me,2
82003688,18:34:17,Me,3
82003693,12:37:53,Me,3
82003693,13:11:50,Me,2
82003693,18:33:55,Me,2
82003698,13:11:12,Me,3
82003703,18:35:46,Me,3
82003708,13:11:20,Me,3
82003708,13:11:38,Me,2
82003708,18:34:25,Me,3
82003718,13:11:30,Me,2
82003728,12:32:10,Me,1
82003733,12:32:39,Me,1
82003733,18:34:11,Me,2
82003733,18:35:48,Me,3
82003738,12:54:44,Me,1
82003738,13:11:57,Me,3
82003738,18:35:36,Me,2
82003744,12:54:49,Me,1
82003744,18:36:03,Me,1
82003750,12:55:20,Me,3
82003756,13:11:36,Me,1
82003761,12:54:31,Me,1
82003766,12:31:04,Me,2
82003773,12:37:37,Me,2
82003779,13:11:55,Me,2
82003785,12:38:00,Me,3
82003785,18:35:34,Me,1
82003790,18:33:45,Me,3
82003790,18:34:08,Me,1
82003811,18:34:01,Me,3
82003811,18:34:06,Me,2
82003822,12:54:59,Me,2
82003832,12:30:47,Me,3
82003832,18:34:04,Me,1
82003839,13:11:17,Me,3
82003839,13:11:54,Me,2
82003844,18:34:11,Me,2
82003844,18:34:13,Me,1
82003856,18:33:50,Me,2
82003874,12:30:45,Me,1
82003880,12:30:41,Me,2
82003552,12:54:54,Me,2
82003562,12:32:41,Me,1
82003562,12:38:27,Me,1
82003562,12:54:51,Me,3
82003577,12:54:37,Me,2
82003577,13:11:13,Me,2
82003612,12:54:23,Me,3
82003617,12:30:42,Me,1
82003617,12:38:29,Me,3
82003622,13:11:22,Me,2
82003622,13:11:45,Me,3
82003627,12:37:49,Me,1
82003627,12:38:15,Me,3
82003627,12:38:34,Me,2
82003627,18:35:47,Me,1
82003627,18:36:12,Me,2
82003632,12:37:42,Me,2
82003632,18:33:47,Me,2
82003637,12:38:02,Me,3
82003637,12:38:04,Me,3
82003637,12:54:28,Me,2
82003647,12:37:57,Me,3
82003652,18:34:14,Me,1
82003652,18:35:42,Me,1
82003652,18:35:58,Me,1
82003657,18:33:38,Me,3
82003662,12:37:59,Me,2
82003668,13:11:55,Me,2
82003673,18:36:00,Me,3
82003673,18:36:05,Me,1
82003678,13:11:15,Me,1
82003689,12:38:22,Me,3
82003689,13:11:16,Me,3
82003699,12:37:55,Me,3
82003699,13:11:14,Me,1
82003709,12:54:26,Me,3
82003719,18:36:02,Me,3
82003724,13:11:38,Me,3
82003724,13:12:03,Me,3
82003729,12:37:41,Me,3
82003734,12:54:26,Me,3
82003734,12:54:58,Me,3
82003745,12:33:34,Me,1
82003751,12:54:39,Me,1
82003757,12:54:39,Me,2
82003757,18:33:36,Me,2
82003762,12:32:13,Me,1
82003762,12:38:14,Me,1
82003767,12:38:10,Me,2
82003780,12:37:50,Me,1
82003786,13:11:44,Me,3
82003791,12:37:39,Me,2
82003791,12:55:13,Me,2
82003791,13:11:58,Me,2
82003796,18:33:52,Me,2
82003802,12:37:54,Me,2
82003802,12:54:33,Me,2
82003802,13:11:57,Me,1
82003807,12:54:33,Me,3
82003807,12:54:53,Me,2
82003813,18:33:39,Me,2
82003818,18:33:49,Me,3
82003828,12:55:12,Me,1
82003828,13:12:00,Me,1
82003833,18:33:51,Me,3
82003875,12:37:46,Me,2
82003875,12:54:21,Me,2
82003875,12:54:26,Me,1
82003881,12:32:18,Me,3
82003891,12:37:46,Me,2
82003891,13:11:40,Me,3
82003923,12:55:07,Me,3
82003928,12:55:16,Me,1
82003928,18:34:03,Me,3
82003933,13:11:51,Me,3
82003933,13:12:01,Me,2
82003933,18:36:00,Me,3
82003938,12:37:51,Me,2
82003938,18:34:00,Me,1
82003948,12:54:29,Me,1
82003948,12:54:36,Me,2
82003953,12:38:26,Me,1
82003953,12:55:18,Me,1
82003953,13:11:49,Me,3
82003953,13:12:02,Me,3
82003953,18:34:24,Me,2
82003959,18:33:42,Me,1
82003643,12:54:50,Me,2
82003648,12:37:42,Me,3
82003648,18:35:41,Me,2
82003658,18:33:55,Me,1
82003663,12:38:33,Me,3
82003663,12:54:31,Me,3
82003669,12:38:17,Me,3
82003669,18:34:00,Me,1
82003684,13:11:17,Me,2
82003684,18:35:52,Me,2
82003690,12:32:03,Me,3
82003690,12:38:04,Me,1
82003690,12:54:51,Me,2
82003690,13:11:34,Me,1
82003690,18:34:27,Me,1
82003695,12:54:54,Me,3
82003695,18:33:55,Me,1
82003700,12:30:32,Me,1
82003700,18:33:42,Me,2
82003705,18:35:42,Me,1
82003725,18:33:55,Me,3
82003725,18:35:31,Me,3
82003730,18:35:57,Me,2
82003735,12:54:46,Me,2
82003740,12:33:11,Me,1
82003746,13:11:07,Me,3
82003746,18:33:43,Me,2
82003758,12:54:52,Me,1
82003768,13:12:02,Me,1
82003792,12:54:50,Me,3
82003803,12:32:35,Me,3
82003803,18:33:40,Me,1
82003814,12:32:25,Me,1
82003819,12:30:18,Me,3
82003824,12:54:42,Me,2
82003829,12:38:04,Me,3
82003829,13:11:19,Me,2
82003835,13:12:05,Me,2
82003853,13:11:47,Me,1
82003871,12:38:23,Me,1
82003876,13:11:08,Me,1
82003882,12:30:14,Me,1
82003882,18:34:26,Me,2
82003887,18:33:38,Me,2
82003892,18:33:35,Me,2
82003907,13:11:17,Me,3
82003907,13:11:52,Me,1
82003914,12:38:32,Me,2
82003934,18:33:52,Me,3
82003934,18:34:08,Me,3
82003939,18:34:19,Me,2
82003954,12:55:13,Me,1
82003954,13:11:08,Me,2
82003960,12:38:15,Me,2
82003978,12:38:33,Me,2
82003985,12:38:03,Me,2
82003985,12:54:40,Me,1
82003985,13:11:40,Me,2
82003985,18:34:00,Me,1
82003985,18:34:16,Me,3
82003990,12:38:14,Me,3
82003995,18:34:08,Me,1
82003898,18:35:30,Me,1
82003979,18:35:39,Me,3
82003979,18:35:47,Me,2
82003860,18:33:49,Me,1
82003860,18:35:49,Me,1
82003784,18:35:51,Me,1
82003878,12:54:38,Me,3
82003878,18:36:08,Me,1
82003878,18:36:25,Me,3
82003741,13:11:27,Me,1
82003741,18:36:20,Me,3
82003801,13:11:30,Me,2
82003801,18:36:25,Me,1
82003776,12:55:14,Me,3
82003776,13:11:32,Me,1
82003776,13:11:39,Me,1
82003782,18:34:05,Me,1
82003793,12:38:20,Me,1
82003793,12:54:44,Me,3
82003798,18:34:23,Me,3
82003820,12:38:28,Me,3
82003820,12:54:49,Me,1
82003820,12:54:53,Me,1
82003825,12:37:44,Me,1
82003837,12:38:09,Me,2
82003842,12:55:11,Me,2
82003842,13:11:18,Me,3
82003842,13:11:44,Me,1
82003842,18:34:21,Me,2
82003854,12:38:25,Me,3
82003893,18:33:48,Me,1
82003909,12:54:55,Me,1
82003909,12:55:01,Me,2
82003909,18:34:03,Me,3
82003909,18:34:11,Me,3
82003915,12:31:53,Me,3
82003925,13:11:32,Me,1
82003925,18:33:47,Me,2
82003930,12:30:27,Me,1
82003935,18:34:20,Me,1
82003940,12:38:28,Me,2
82003945,13:11:05,Me,1
82003945,13:11:32,Me,2
82003955,12:31:35,Me,3
82003955,12:54:30,Me,2
82003955,12:54:34,Me,1
82003967,12:38:25,Me,3
82003967,12:55:06,Me,1
82003980,12:38:00,Me,1
82003986,12:29:16,Me,1
82003991,12:55:17,Me,2
82003905,18:35:31,Me,1
82003862,18:35:45,Me,1
82003748,18:35:50,Me,2
82003910,12:38:09,Me,1
82003910,18:34:11,Me,1
82003910,18:34:33,Me,1
82003910,18:35:53,Me,1
82003687,18:35:50,Me,1
82003687,18:36:10,Me,1
82003902,18:36:20,Me,2
82003996,18:36:26,Me,2
82003810,13:11:17,Me,2
82003816,12:32:46,Me,1
82003816,12:55:12,Me,3
82003821,13:11:44,Me,1
82003821,13:11:54,Me,3
82003831,12:38:17,Me,1
82003850,12:54:46,Me,2
82003855,12:38:06,Me,3
82003855,12:38:06,Me,2
82003861,12:54:21,Me,1
82003867,13:11:09,Me,2
82003867,13:11:47,Me,2
82003873,12:55:09,Me,1
82003879,12:37:58,Me,3
82003911,12:54:56,Me,3
82003911,12:55:06,Me,2
82003916,12:54:58,Me,2
82003916,18:33:57,Me,1
82003921,12:55:05,Me,3
82003926,12:38:22,Me,2
82003941,12:38:31,Me,1
82003956,18:33:43,Me,1
82003969,12:54:29,Me,3
82003969,13:11:15,Me,2
82003981,13:11:16,Me,3
82003987,12:54:57,Me,3
82003998,12:37:52,Me,1
82003966,18:35:32,Me,3
82003771,13:11:38,Me,3
82003771,13:11:51,Me,1
82003771,18:35:46,Me,1
82003812,12:54:58,Me,3
82003812,18:35:50,Me,3
82003846,18:35:53,Me,1
82003896,18:34:17,Me,1
82003896,18:36:13,Me,3
82003667,18:33:54,Me,3
82003667,18:35:25,Me,1
82003667,18:35:43,Me,2
82003667,18:36:22,Me,3
