78003088,16:36:03
78003088,16:36:03
78003422,16:51:21
78003422,16:51:23
78003091,16:51:21
78003091,16:51:23
78003421,16:51:22
78003421,16:51:22
78006077,17:31:05
78006077,17:31:33
78006077,17:31:50
78006077,17:31:48
78006077,02:17:28
78006052,17:29:51
78006052,17:29:52
78006052,17:29:54
78006052,17:29:58
78006052,17:29:59
78006052,17:30:01
78006052,17:30:03
78006052,17:30:04
78006052,17:30:09
78006052,17:30:11
78006052,17:30:12
78006052,17:30:15
78006052,17:30:17
78006052,17:30:18
78006052,17:30:19
78006052,17:30:21
78006052,17:30:22
78006052,17:30:23
78006052,17:30:26
78006052,17:30:28
78006052,17:30:28
78006052,17:30:30
78006052,17:30:32
78006052,17:30:35
78006052,17:30:39
78006052,17:30:38
78006052,17:30:40
78006052,17:30:41
78006052,17:30:42
78006052,17:30:44
78006052,17:30:51
78006052,17:30:53
78006052,17:30:54
78006052,17:30:57
78006052,17:30:55
78006052,17:30:58
78006052,17:31:00
78006052,17:31:02
78006052,17:31:04
78006052,17:31:07
78006052,17:31:06
78006052,17:31:10
78006052,17:31:08
78006052,17:31:11
78006052,17:31:12
78006052,17:31:14
78006052,17:31:16
78006052,17:31:19
78006052,17:31:20
78006052,17:31:21
78006052,17:31:22
78006052,17:31:23
78006052,17:31:30
78006052,17:31:31
78006052,17:31:33
78006052,17:31:35
78006052,17:31:38
78006052,17:31:36
78006052,17:31:39
78006052,17:31:41
78006052,17:31:44
78006052,17:31:43
78006052,17:31:45
78006052,17:31:44
78006120,17:29:53
78006120,17:29:55
78006120,17:29:56
78006120,17:29:59
78006120,17:30:01
78006120,17:30:03
78006120,17:30:00
78006120,17:30:05
78006120,17:30:07
78006120,17:30:09
78006120,17:30:11
78006120,17:30:13
78006120,17:30:15
78006120,17:30:17
78006120,17:30:19
78006120,17:30:21
78006120,17:30:22
78006120,17:30:23
78006120,17:30:25
78006120,17:30:27
78006120,17:30:29
78006120,17:30:32
78006120,17:30:34
78006120,17:30:35
78006120,17:30:37
78006120,17:30:39
78006120,17:30:41
78006120,17:30:42
78006120,17:30:43
78006120,17:30:46
78006120,17:30:46
78006120,17:30:47
78006120,17:30:50
78006120,17:30:52
78006120,17:30:52
78006120,17:30:54
78006120,17:30:57
78006120,17:30:58
78006120,17:31:00
78006120,17:31:02
78006120,17:31:04
78006120,17:31:07
78006120,17:31:06
78006120,17:31:09
78006120,17:31:08
78006120,17:31:10
78006120,17:31:12
78006120,17:31:13
78006120,17:31:14
78006120,17:31:12
78006120,17:31:16
78006120,17:31:19
78006120,17:31:20
78006120,17:31:23
78006120,17:31:21
78006120,17:31:24
78006120,17:31:27
78006120,17:31:29
78006120,17:31:31
78006120,17:31:33
78006120,17:31:35
78006120,17:31:34
78006120,17:31:37
78006120,17:31:37
78006120,17:31:39
78006120,17:31:42
78006120,17:31:44
78006120,17:31:43
78006120,17:31:45
78006120,02:13:26
78006120,02:48:38
78006120,02:48:38
78006043,17:29:53
78006043,17:29:54
78006043,17:29:56
78006043,17:29:59
78006043,17:30:00
78006043,17:30:02
78006043,17:30:04
78006043,17:30:06
78006043,17:30:08
78006043,17:30:13
78006043,17:30:15
78006043,17:30:17
78006043,17:30:18
78006043,17:30:20
78006043,17:30:21
78006043,17:30:19
78006043,17:30:23
78006043,17:30:21
78006043,17:30:25
78006043,17:30:27
78006043,17:30:29
78006043,17:30:31
78006043,17:30:33
78006043,17:30:36
78006043,17:30:34
78006043,17:30:38
78006043,17:30:40
78006043,17:30:41
78006043,17:30:44
78006043,17:30:46
78006043,17:30:47
78006043,17:30:50
78006043,17:30:53
78006043,17:30:51
78006043,17:30:55
78006043,17:30:53
78006043,17:30:56
78006043,17:30:58
78006043,17:31:00
78006043,17:30:59
78006043,17:31:03
78006043,17:31:02
78006043,17:31:06
78006043,17:31:08
78006043,17:31:10
78006043,17:31:08
78006043,17:31:12
78006043,17:31:12
78006043,17:31:15
78006043,17:31:17
78006043,17:31:15
78006043,17:31:19
78006043,17:31:20
78006043,17:31:19
78006043,17:31:24
78006043,17:31:25
78006043,17:31:24
78006043,17:31:27
78006043,17:31:25
78006043,17:31:29
78006043,17:31:30
78006043,17:31:33
78006043,17:31:35
78006043,17:31:33
78006043,17:31:35
78006043,17:31:39
78006043,17:31:41
78006043,17:31:43
78006043,17:31:45
78006043,02:11:28
78006043,02:49:07
78006043,02:49:08
78006043,02:49:02
78006043,02:49:02
78006044,17:30:01
78006044,17:30:02
78006044,17:30:05
78006044,17:30:08
78006044,17:30:07
78006044,17:30:09
78006044,17:30:11
78006044,17:30:09
78006044,17:30:13
78006044,17:30:13
78006044,17:30:11
78006044,17:30:15
78006044,17:30:16
78006044,17:30:17
78006044,17:30:19
78006044,17:30:21
78006044,17:30:23
78006044,17:30:25
78006044,17:30:28
78006044,17:30:27
78006044,17:30:29
78006044,17:30:31
78006044,17:30:34
78006044,17:30:36
78006044,17:30:38
78006044,17:30:37
78006044,17:30:41
78006044,17:30:39
78006044,17:30:42
78006044,17:30:44
78006044,17:30:46
78006044,17:30:47
78006044,17:30:48
78006044,17:30:50
78006044,17:30:52
78006044,17:30:52
78006044,17:30:54
78006044,17:30:53
78006044,17:30:56
78006044,17:30:58
78006044,17:31:00
78006044,17:31:01
78006044,17:31:02
78006044,17:31:04
78006044,17:31:07
78006044,17:31:09
78006044,17:31:09
78006044,17:31:11
78006044,17:31:12
78006044,17:31:13
78006044,17:31:14
78006044,17:31:16
78006044,17:31:19
78006044,17:31:20
78006044,17:31:21
78006044,17:31:22
78006044,17:31:23
78006044,17:31:25
78006044,17:31:27
78006044,17:31:28
78006044,17:31:28
78006044,17:31:30
78006044,17:31:32
78006044,17:31:33
78006044,17:31:35
78006044,17:31:37
78006044,17:31:39
78006044,17:31:41
78006044,17:31:44
78006044,17:31:42
78006044,17:31:46
78006044,17:31:44
78006044,01:56:19
78006044,02:49:01
78006044,02:49:03
78006044,02:49:03
78006044,02:48:57
78006044,02:48:57
78006093,17:30:11
78006093,17:30:13
78006093,17:30:15
78006093,17:30:17
78006093,17:30:19
78006093,17:30:21
78006093,17:30:24
78006093,17:30:25
78006093,17:30:27
78006093,17:30:29
78006093,17:30:31
78006093,17:30:33
78006093,17:30:36
78006093,17:30:39
78006093,17:30:50
78006093,17:30:51
78006093,17:30:53
78006093,17:30:59
78006093,17:31:00
78006093,17:31:03
78006093,17:31:04
78006093,17:31:06
78006093,17:31:08
78006093,17:31:11
78006093,17:31:12
78006093,17:31:15
78006093,17:31:17
78006093,17:31:18
78006093,17:31:20
78006093,17:31:23
78006093,17:31:25
78006093,17:31:27
78006093,17:31:29
78006093,17:31:32
78006093,17:31:33
78006093,17:31:48
78006093,17:31:40
78006093,17:31:40
78006093,02:06:51
78006093,02:21:55
78006093,02:21:55
78006143,17:31:48
78006143,02:07:12
78006099,17:30:08
78006099,17:30:12
78006099,17:30:08
78006099,17:30:13
78006099,17:30:14
78006099,17:30:13
78006099,17:30:15
78006099,17:30:18
78006099,17:30:19
78006099,17:30:21
78006099,17:30:24
78006099,17:30:25
78006099,17:30:29
78006099,17:30:40
78006099,17:30:42
78006099,17:30:55
78006099,17:30:56
78006099,17:30:58
78006099,17:30:59
78006099,17:31:09
78006099,17:31:10
78006099,17:31:15
78006099,17:31:16
78006099,17:31:17
78006099,17:31:18
78006099,17:31:21
78006099,17:31:22
78006099,17:31:25
78006099,17:31:26
78006099,17:31:29
78006099,17:31:31
78006099,17:31:29
78006099,17:31:32
78006099,17:31:35
78006099,17:31:37
78006099,17:31:40
78006099,17:31:39
78006099,17:31:41
78006099,17:31:41
78006099,17:31:44
78006099,17:31:47
78006099,17:31:45
78006099,02:00:33
78006099,02:00:30
78006004,16:36:01
78006004,16:36:01
78006004,16:36:03
78006004,17:31:48
78006004,17:31:46
78006004,02:21:05
78006178,17:31:48
78006178,17:31:46
78006178,02:06:08
78006114,17:31:45
78006114,02:17:40
78006002,17:31:49
78006002,02:14:34
78006014,17:31:50
78006014,17:31:49
78006016,17:31:50
78006016,17:31:49
78006011,17:31:49
78006011,17:31:48
78006011,02:17:34
78006125,17:25:41
78006125,17:25:42
78006125,17:25:42
78006125,17:31:49
78006125,17:31:47
78006125,02:24:18
78006080,17:31:49
78006080,17:31:47
78003161,17:31:51
78003161,02:19:52
78006055,17:31:52
78006055,17:31:50
78006055,02:27:13
78006050,17:31:52
78006050,02:41:01
78006050,02:53:16
78006054,17:31:52
78006054,17:31:49
78006054,02:07:40
78006024,17:13:09
78006024,17:13:13
78006024,17:31:54
78006024,17:31:53
78006056,17:31:53
78006056,17:31:52
78006056,02:19:51
78006056,02:19:55
78006006,17:31:53
78006006,17:31:46
78006006,17:31:46
78006182,17:31:52
78006182,17:31:53
78006182,17:31:53
78006182,17:31:47
78006182,17:31:48
78006182,02:19:18
78006198,17:31:55
78006198,17:31:53
78006198,02:09:31
78006140,17:31:52
78006140,02:43:43
78006140,02:53:17
78006140,02:53:18
78006149,17:16:25
78006149,17:16:38
78006149,17:16:39
78006149,17:16:41
78006149,17:16:43
78006149,17:16:45
78006149,17:16:47
78006149,17:16:49
78006149,17:16:53
78006149,17:16:55
78006149,17:16:59
78006149,17:17:00
78006149,17:17:02
78006149,17:17:20
78006149,17:17:37
78006149,17:17:40
78006149,17:17:40
78006149,17:17:42
78006149,17:17:49
78006149,17:17:51
78006149,17:17:53
78006149,17:17:55
78006149,17:17:57
78006149,17:17:59
78006149,17:18:02
78006149,17:18:04
78006149,17:18:05
78006149,17:18:07
78006149,17:18:10
78006149,17:18:51
78006149,17:19:05
78006149,17:19:09
78006149,17:19:11
78006149,17:19:12
78006149,17:19:15
78006149,17:19:17
78006149,17:19:19
78006149,17:19:21
78006149,17:19:23
78006149,17:19:25
78006149,17:19:27
78006149,17:19:29
78006149,17:19:32
78006149,17:19:33
78006149,17:19:36
78006149,17:19:43
78006149,17:31:57
78006149,17:31:58
78006149,17:31:57
78006149,17:31:50
78006149,17:31:51
78006149,02:30:33
78006149,02:30:38
78006197,17:31:56
78006197,17:31:54
78006197,02:16:33
78006103,17:31:55
78006103,02:18:32
78006035,17:31:55
78006035,17:31:54
78006053,17:31:56
78006053,17:31:56
78006068,17:23:42
78006068,17:23:42
78006068,17:23:45
78006068,17:31:55
78006068,17:31:56
78006068,17:31:49
78006068,17:31:50
78006068,02:20:12
78006187,17:23:45
78006187,17:23:46
78006187,17:31:54
78006187,17:31:55
78006187,17:31:55
78006187,17:31:48
78006187,17:31:48
78006187,02:18:10
78006147,17:31:55
78006147,17:31:57
78006147,17:31:51
78006147,17:31:51
78006147,02:17:24
78006071,17:31:56
78006071,17:31:55
78006071,17:31:57
78006071,17:31:56
78006071,02:41:00
78006162,17:31:55
78006162,17:31:54
78006162,02:44:14
78006162,02:53:55
78006162,02:53:57
78006162,02:53:51
78006010,16:49:03
78006010,16:50:44
78006010,17:30:29
78006010,17:30:55
78006010,17:31:34
78006010,17:31:39
78006010,17:31:47
78006010,17:31:45
78006010,17:31:39
78006010,17:31:39
78006010,02:18:52
78006010,02:57:12
78006010,02:57:11
78006070,17:31:57
78006070,17:31:56
78006070,02:29:37
78006074,17:31:58
78006074,17:31:57
78006074,02:20:44
78006074,02:25:19
78006074,02:25:19
78006119,17:15:35
78006119,17:15:35
78006119,17:15:35
78006119,17:15:40
78006119,17:15:44
78006119,17:15:47
78006119,17:15:50
78006119,17:15:52
78006119,17:15:54
78006119,17:15:54
78006119,17:16:04
78006119,17:16:04
78006119,17:31:58
78006119,17:31:59
78006119,17:31:57
78006119,17:31:59
78006119,17:31:58
78006119,02:06:39
78006075,17:31:58
78006075,17:31:57
78006075,02:41:00
78006116,17:31:58
78006116,17:31:56
78006116,02:18:41
78006116,02:30:48
78006116,02:30:49
78006183,17:31:49
78006183,17:31:41
78006183,17:31:41
78006183,02:26:30
78006183,02:46:21
78006183,02:46:21
78006106,17:32:01
78006106,17:32:01
78006106,17:31:59
78006106,02:19:48
78006106,02:19:53
78006196,17:32:03
78006196,02:24:16
78006196,02:36:42
78006190,17:32:03
78006190,17:32:04
78006190,17:32:05
78006190,17:31:58
78006190,17:31:58
78006190,02:24:13
78003190,17:32:57
78003190,17:36:12
78003190,17:36:10
78003190,02:06:55
78003215,17:32:51
78003215,17:32:53
78003215,17:32:51
78003215,17:32:55
78003215,17:33:01
78003215,17:33:26
78003215,17:33:36
78003215,17:33:42
78003215,17:33:44
78003215,17:33:47
78003215,17:33:49
78003215,17:33:51
78003215,17:33:54
78003215,17:34:03
78003215,17:34:08
78003215,17:34:12
78003215,17:34:13
78003215,17:34:34
78003215,17:34:37
78003215,17:34:40
78003215,17:34:44
78003215,17:34:52
78003215,17:35:51
78003215,17:35:56
78003215,17:35:58
78003215,17:36:00
78003215,17:36:01
78003215,17:36:04
78003215,17:36:06
78003215,17:36:11
78003215,17:36:09
78003175,17:32:53
78003175,17:32:52
78003175,17:32:53
78003175,17:32:57
78003175,17:32:59
78003175,17:33:00
78003175,17:33:01
78003175,17:33:06
78003175,17:33:04
78003175,17:33:09
78003175,17:33:08
78003175,17:33:09
78003175,17:33:12
78003175,17:33:13
78003175,17:33:15
78003175,17:33:17
78003175,17:33:20
78003175,17:33:22
78003175,17:33:23
78003175,17:33:25
78003175,17:33:27
78003175,17:33:30
78003175,17:33:32
78003175,17:33:34
78003175,17:33:36
78003175,17:33:38
78003175,17:33:40
78003175,17:33:42
78003175,17:33:44
78003175,17:33:47
78003175,17:33:48
78003175,17:33:50
78003175,17:33:52
78003175,17:33:54
78003175,17:33:56
78003175,17:33:58
78003175,17:34:01
78003175,17:34:03
78003175,17:34:04
78003175,17:34:07
78003175,17:34:09
78003175,17:34:10
78003175,17:34:12
78003175,17:34:15
78003175,17:34:17
78003175,17:34:19
78003175,17:34:21
78003175,17:34:23
78003175,17:34:25
78003175,17:34:27
78003175,17:34:32
78003175,17:34:35
78003175,17:34:36
78003175,17:34:38
78003175,17:34:42
78003175,17:34:43
78003175,17:34:47
78003175,17:34:48
78003175,17:34:49
78003175,17:34:52
78003175,17:34:59
78003175,17:35:01
78003175,17:35:02
78003175,17:35:04
78003175,17:35:06
78003175,17:35:08
78003175,17:35:10
78003175,17:35:12
78003175,17:35:14
78003175,17:35:16
78003175,17:35:18
78003175,17:35:20
78003175,17:35:22
78003175,17:35:25
78003175,17:35:27
78003175,17:35:28
78003175,17:35:31
78003175,17:35:33
78003175,17:35:35
78003175,17:35:36
78003175,17:35:40
78003175,17:35:41
78003175,17:35:43
78003175,17:35:45
78003175,17:35:47
78003175,17:35:49
78003175,17:35:51
78003175,17:35:53
78003175,17:35:54
78003175,17:35:56
78003175,17:35:57
78003175,17:35:58
78003175,17:36:00
78003175,17:36:01
78003175,17:36:02
78003175,17:36:03
78003175,17:36:06
78003175,17:36:08
78003175,02:26:28
78003175,02:26:30
78003177,17:32:49
78003177,17:32:51
78003177,17:32:53
78003177,17:32:55
78003177,17:33:00
78003177,17:33:01
78003177,17:33:03
78003177,17:33:08
78003177,17:33:09
78003177,17:33:15
78003177,17:33:18
78003177,17:33:23
78003177,17:33:30
78003177,17:33:36
78003177,17:33:47
78003177,17:33:49
78003177,17:33:53
78003177,17:33:54
78003177,17:33:57
78003177,17:33:59
78003177,17:34:01
78003177,17:34:02
78003177,17:34:05
78003177,17:34:10
78003177,17:34:12
78003177,17:34:13
78003177,17:34:12
78003177,17:34:16
78003177,17:34:19
78003177,17:34:21
78003177,17:34:23
78003177,17:34:25
78003177,17:34:27
78003177,17:34:29
78003177,17:34:31
78003177,17:34:29
78003177,17:34:33
78003177,17:34:35
78003177,17:34:37
78003177,17:34:39
78003177,17:34:42
78003177,17:34:44
78003177,17:35:00
78003177,17:35:14
78003177,17:35:19
78003177,17:35:26
78003177,17:35:40
78003177,17:35:45
78003177,17:35:53
78003177,17:35:57
78003177,17:35:58
78003177,17:36:08
78003177,02:05:58
78003177,02:05:58
78003177,02:05:48
78003177,02:05:48
78003097,17:12:25
78003097,17:12:28
78003097,17:12:32
78003097,17:12:29
78003097,17:12:33
78003097,17:32:43
78003097,17:32:47
78003097,17:32:46
78003097,17:32:52
78003097,17:33:02
78003097,17:33:04
78003097,17:33:05
78003097,17:33:09
78003097,17:33:07
78003097,17:33:16
78003097,17:33:18
78003097,17:33:22
78003097,17:33:23
78003097,17:33:27
78003097,17:33:30
78003097,17:33:35
78003097,17:33:36
78003097,17:33:38
78003097,17:33:42
78003097,17:33:53
78003097,17:34:37
78003097,17:34:35
78003097,17:34:42
78003097,17:34:44
78003097,17:34:46
78003097,17:34:48
78003097,17:34:50
78003097,17:34:52
78003097,17:34:54
78003097,17:34:59
78003097,17:35:02
78003097,17:35:05
78003097,17:35:06
78003097,17:35:08
78003097,17:35:11
78003097,17:35:12
78003097,17:35:22
78003097,17:35:32
78003097,17:35:35
78003097,17:35:37
78003097,17:35:48
78003097,17:35:49
78003097,17:35:54
78003097,17:35:55
78003097,17:35:58
78003097,17:35:59
78003097,17:36:02
78003097,17:36:03
78003097,17:36:05
78003097,17:36:08
78003097,17:36:09
78003097,17:36:12
78003097,02:05:23
78003046,17:32:45
78003046,17:32:52
78003046,17:32:54
78003046,17:32:58
78003046,17:33:04
78003046,17:33:06
78003046,17:33:10
78003046,17:33:12
78003046,17:33:13
78003046,17:33:15
78003046,17:33:17
78003046,17:33:19
78003046,17:33:21
78003046,17:33:23
78003046,17:33:25
78003046,17:33:27
78003046,17:33:29
78003046,17:33:31
78003046,17:33:33
78003046,17:33:35
78003046,17:33:37
78003046,17:33:39
78003046,17:33:43
78003046,17:33:45
78003046,17:33:55
78003046,17:34:00
78003046,17:34:02
78003046,17:34:04
78003046,17:34:06
78003046,17:34:09
78003046,17:34:10
78003046,17:34:34
78003046,17:34:35
78003046,17:34:36
78003046,17:34:39
78003046,17:34:43
78003046,17:34:45
78003046,17:34:47
78003046,17:34:49
78003046,17:34:51
78003046,17:35:01
78003046,17:35:04
78003046,17:35:05
78003046,17:35:08
78003046,17:35:10
78003046,17:35:11
78003046,17:35:14
78003046,17:35:15
78003046,17:35:18
78003046,17:35:20
78003046,17:35:21
78003046,17:35:24
78003046,17:35:25
78003046,17:35:27
78003046,17:35:22
78003046,17:35:30
78003046,17:35:32
78003046,17:35:34
78003046,17:35:36
78003046,17:35:22
78003046,17:35:39
78003046,17:35:41
78003046,17:35:42
78003046,17:35:45
78003046,17:35:47
78003046,17:35:48
78003046,17:35:50
78003046,17:35:54
78003046,17:35:55
78003046,17:35:57
78003046,17:36:00
78003046,17:36:01
78003046,17:36:02
78003046,17:36:05
78003046,17:36:07
78003046,17:36:09
78003046,02:14:11
78003046,02:14:01
78003046,02:14:15
78003046,02:14:01
78003095,16:51:21
78003095,16:51:22
78003095,17:32:44
78003095,17:32:48
78003095,17:32:49
78003095,17:32:48
78003095,17:32:49
78003095,17:32:52
78003095,17:32:51
78003095,17:32:54
78003095,17:32:57
78003095,17:33:09
78003095,17:33:09
78003095,17:33:14
78003095,17:33:23
78003095,17:33:36
78003095,17:33:39
78003095,17:33:40
78003095,17:33:43
78003095,17:33:47
78003095,17:34:36
78003095,17:34:39
78003095,17:34:40
78003095,17:34:41
78003095,17:34:45
78003095,17:34:46
78003095,17:34:47
78003095,17:34:50
78003095,17:34:52
78003095,17:34:53
78003095,17:35:00
78003095,17:35:01
78003095,17:35:04
78003095,17:35:02
78003095,17:35:05
78003095,17:35:07
78003095,17:35:11
78003095,17:35:19
78003095,17:35:39
78003095,17:35:40
78003095,17:35:44
78003095,17:35:45
78003095,17:35:47
78003095,17:35:49
78003095,17:35:51
78003095,17:36:04
78003095,17:36:02
78003095,17:36:06
78003095,17:36:08
78003095,17:36:10
78003095,17:36:11
78003095,17:36:11
78003095,02:00:36
78003095,02:57:57
78003095,02:57:57
78003101,17:32:45
78003101,17:32:46
78003101,17:32:53
78003101,17:32:52
78003101,17:32:56
78003101,17:32:57
78003101,17:32:56
78003101,17:33:00
78003101,17:32:58
78003101,17:33:00
78003101,17:33:01
78003101,17:33:06
78003101,17:33:04
78003101,17:33:05
78003101,17:33:08
78003101,17:33:10
78003101,17:33:11
78003101,17:33:12
78003101,17:33:14
78003101,17:33:16
78003101,17:33:16
78003101,17:33:19
78003101,17:33:19
78003101,17:33:21
78003101,17:33:23
78003101,17:33:25
78003101,17:33:27
78003101,17:33:29
78003101,17:33:31
78003101,17:33:34
78003101,17:33:33
78003101,17:33:36
78003101,17:33:35
78003101,17:33:37
78003101,17:33:39
78003101,17:33:41
78003101,17:33:42
78003101,17:33:43
78003101,17:33:45
78003101,17:33:47
78003101,17:33:49
78003101,17:33:50
78003101,17:33:51
78003101,17:33:53
78003101,17:33:55
78003101,17:33:57
78003101,17:34:00
78003101,17:34:02
78003101,17:34:04
78003101,17:34:06
78003101,17:34:08
78003101,17:34:10
78003101,17:34:12
78003101,17:34:14
78003101,17:34:15
78003101,17:34:16
78003101,17:34:17
78003101,17:34:18
78003101,17:34:21
78003101,17:34:22
78003101,17:34:24
78003101,17:34:26
78003101,17:34:27
78003101,17:34:29
78003101,17:34:29
78003101,17:34:31
78003101,17:34:32
78003101,17:34:32
78003101,17:34:34
78003101,17:34:35
78003101,17:34:36
78003101,17:34:37
78003101,17:34:38
78003101,17:34:43
78003101,17:34:44
78003101,17:34:46
78003101,17:34:45
78003101,17:34:48
78003101,17:34:47
78003101,17:34:49
78003101,17:34:51
78003101,17:34:51
78003101,17:34:53
78003101,17:34:59
78003101,17:35:02
78003101,17:35:01
78003101,17:35:03
78003101,17:35:05
78003101,17:35:06
78003101,17:35:07
78003101,17:35:07
78003101,17:35:09
78003101,17:35:11
78003101,17:35:12
78003101,17:35:14
78003101,17:35:15
78003101,17:35:06
78003101,17:35:16
78003101,17:35:15
78003101,17:35:18
78003101,17:35:20
78003101,17:35:22
78003101,17:35:24
78003101,17:35:06
78003101,17:35:26
78003101,17:35:29
78003101,17:35:28
78003101,17:35:30
78003101,17:35:33
78003101,17:35:32
78003101,17:35:34
78003101,17:35:36
78003101,17:35:38
78003101,17:35:39
78003101,17:35:41
78003101,17:35:40
78003101,17:35:42
78003101,17:35:42
78003101,17:35:44
78003101,17:35:44
78003101,17:35:46
78003101,17:35:48
78003101,17:35:48
78003101,17:35:50
78003101,17:35:51
78003101,17:35:52
78003101,17:35:54
78003101,17:35:56
78003101,17:35:55
78003101,17:35:57
78003101,17:35:58
78003101,17:35:59
78003101,17:36:01
78003101,17:36:04
78003101,17:36:03
78003101,17:36:05
78003101,17:36:05
78003101,17:36:07
78003101,17:36:09
78003101,01:49:24
78003101,01:49:25
78003217,17:32:49
78003217,17:32:48
78003217,17:33:14
78003217,17:33:28
78003217,17:33:42
78003217,17:34:23
78003217,17:34:37
78003217,17:34:41
78003217,17:34:45
78003217,17:34:46
78003217,17:34:57
78003217,17:35:15
78003217,17:35:16
78003217,17:35:28
78003217,17:35:30
78003217,17:35:48
78003217,17:35:52
78003217,17:35:54
78003217,17:36:01
78003217,17:36:05
78003217,17:36:04
78003217,17:36:06
78003217,17:36:07
78003217,01:49:11
78003217,01:52:42
78003184,17:32:44
78003184,17:32:43
78003184,17:32:45
78003184,17:32:46
78003184,17:32:48
78003184,17:32:50
78003184,17:32:49
78003184,17:32:52
78003184,17:32:53
78003184,17:32:55
78003184,17:32:53
78003184,17:32:56
78003184,17:32:54
78003184,17:32:58
78003184,17:32:58
78003184,17:33:01
78003184,17:32:59
78003184,17:33:02
78003184,17:33:01
78003184,17:33:04
78003184,17:33:04
78003184,17:33:07
78003184,17:33:08
78003184,17:33:11
78003184,17:33:10
78003184,17:33:13
78003184,17:33:14
78003184,17:33:16
78003184,17:33:19
78003184,17:33:21
78003184,17:33:22
78003184,17:33:26
78003184,17:33:27
78003184,17:33:30
78003184,17:33:31
78003184,17:33:33
78003184,17:33:36
78003184,17:33:37
78003184,17:33:40
78003184,17:33:41
78003184,17:33:40
78003184,17:33:44
78003184,17:33:47
78003184,17:33:51
78003184,17:33:52
78003184,17:33:54
78003184,17:33:57
78003184,17:34:00
78003184,17:34:02
78003184,17:34:04
78003184,17:34:07
78003184,17:34:10
78003184,17:34:13
78003184,17:34:15
78003184,17:34:16
78003184,17:34:20
78003184,17:34:21
78003184,17:34:28
78003184,17:34:29
78003184,17:34:34
78003184,17:34:34
78003184,17:34:36
78003184,17:34:37
78003184,17:34:43
78003184,17:34:45
78003184,17:34:44
78003184,17:34:48
78003184,17:34:47
78003184,17:34:52
78003184,17:34:51
78003184,17:34:58
78003184,17:35:02
78003184,17:35:04
78003184,17:35:06
78003184,17:35:10
78003184,17:35:14
78003184,17:35:15
78003184,17:35:18
78003184,17:35:21
78003184,17:35:25
78003184,17:35:24
78003184,17:35:28
78003184,17:35:26
78003184,17:35:29
78003184,17:35:30
78003184,17:35:34
78003184,17:35:35
78003184,17:35:38
78003184,17:35:38
78003184,17:35:39
78003184,17:35:44
78003184,17:35:48
78003184,17:35:57
78003184,17:36:02
78003184,17:36:06
78003184,17:36:05
78003184,17:36:06
78003184,17:36:08
78003184,02:00:02
78003184,02:00:11
78003184,02:00:14
78003184,02:00:02
78003184,02:21:12
78003184,02:21:14
78003184,02:21:14
78003184,02:21:16
78003045,17:32:50
78003045,17:32:53
78003045,17:32:54
78003045,17:33:10
78003045,17:33:12
78003045,17:33:13
78003045,17:33:15
78003045,17:33:17
78003045,17:33:28
78003045,17:33:31
78003045,17:33:32
78003045,17:33:33
78003045,17:33:36
78003045,17:33:39
78003045,17:33:40
78003045,17:33:42
78003045,17:33:47
78003045,17:33:55
78003045,17:33:55
78003045,17:33:58
78003045,17:34:03
78003045,17:34:04
78003045,17:34:06
78003045,17:34:08
78003045,17:34:11
78003045,17:34:11
78003045,17:34:21
78003045,17:34:19
78003045,17:34:24
78003045,17:34:27
78003045,17:35:02
78003045,17:35:10
78003045,17:35:33
78003045,17:36:10
78003045,17:36:03
78003045,17:36:03
78003045,02:10:30
78003045,02:10:31
78003045,02:10:31
78003045,02:10:19
78003045,02:10:20
78003045,02:31:05
78003045,02:31:06
78003159,17:32:50
78003159,17:32:57
78003159,17:33:01
78003159,17:33:37
78003159,17:33:43
78003159,17:33:44
78003159,17:34:11
78003159,17:34:19
78003159,17:34:22
78003159,17:34:24
78003159,17:34:25
78003159,17:34:35
78003159,17:34:46
78003159,17:34:48
78003159,17:35:16
78003159,17:35:19
78003159,17:35:24
78003159,17:35:34
78003159,17:35:41
78003159,17:35:44
78003159,17:35:51
78003159,17:35:58
78003159,17:35:59
78003159,17:36:10
78003159,17:36:11
78003159,17:36:04
78003159,17:36:04
78003159,02:04:33
78003548,17:32:58
78003548,17:32:59
78003548,17:33:00
78003548,17:33:05
78003548,17:33:07
78003548,17:33:09
78003548,17:33:11
78003548,17:33:13
78003548,17:33:15
78003548,17:33:17
78003548,17:33:19
78003548,17:33:21
78003548,17:33:29
78003548,17:33:33
78003548,17:33:40
78003548,17:33:44
78003548,17:33:46
78003548,17:33:49
78003548,17:33:50
78003548,17:33:52
78003548,17:33:56
78003548,17:33:59
78003548,17:34:05
78003548,17:34:19
78003548,17:34:50
78003548,17:35:02
78003548,17:35:08
78003548,17:35:10
78003548,17:35:14
78003548,17:35:25
78003548,17:35:36
78003548,17:35:40
78003548,17:35:51
78003548,17:36:08
78003548,17:36:07
78003548,02:07:54
78003548,02:08:04
78003548,02:07:54
78003247,17:36:11
78003247,17:36:10
78003096,16:51:20
78003096,16:51:22
78003096,17:32:50
78003096,17:32:50
78003096,17:32:49
78003096,17:32:54
78003096,17:32:56
78003096,17:33:37
78003096,17:33:39
78003096,17:33:43
78003096,17:33:51
78003096,17:33:55
78003096,17:34:38
78003096,17:34:39
78003096,17:35:00
78003096,17:35:02
78003096,17:35:08
78003096,17:35:18
78003096,17:35:20
78003096,17:35:25
78003096,17:35:26
78003096,17:35:29
78003096,17:35:33
78003096,17:35:37
78003096,17:35:41
78003096,17:35:43
78003096,17:35:45
78003096,17:35:56
78003096,17:35:57
78003096,17:36:00
78003096,17:36:02
78003096,17:36:04
78003096,17:36:06
78003096,17:36:08
78003096,17:36:09
78003096,17:36:12
78003096,17:36:12
78003096,17:36:05
78003096,17:36:05
78003096,02:04:36
78003096,02:04:40
78003423,17:33:03
78003423,17:33:05
78003423,17:33:17
78003423,17:35:19
78003423,17:35:39
78003423,17:35:43
78003423,17:35:45
78003423,17:36:00
78003423,17:36:03
78003423,17:36:09
78003423,17:36:12
78003423,17:36:04
78003423,17:36:04
78003423,02:13:43
78003423,02:13:46
78003282,17:36:12
78003282,17:36:13
78003282,17:36:06
78003282,17:36:06
78003282,02:20:38
78003282,02:29:49
78003378,16:48:15
78003378,17:36:13
78003378,17:36:13
78003378,02:12:55
78003272,17:13:12
78003272,17:13:10
78003272,17:36:11
78003272,17:36:14
78003272,02:04:21
78003272,02:04:25
78003472,17:23:37
78003472,17:23:37
78003472,17:36:13
78003472,17:36:13
78003472,17:36:11
78003472,02:04:52
78003472,02:29:21
78003207,17:36:16
78003207,02:28:51
78003207,02:28:53
78003240,17:36:16
78003240,17:36:14
78003495,17:36:19
78003495,02:12:53
78003495,02:12:53
78003374,17:36:18
78003374,17:36:18
78003374,02:05:28
78003374,02:05:28
78003374,02:05:17
78003374,02:05:17
78003264,17:36:16
78003210,17:36:17
78003210,17:36:16
78003210,02:15:27
78003210,02:15:18
78003210,02:15:18
78003203,17:36:16
78003203,17:36:17
78003203,17:36:16
78003203,02:15:35
78003203,02:15:38
78003305,17:36:20
78003305,02:06:00
78003305,02:05:51
78003305,02:05:51
78003531,17:19:46
78003531,17:19:45
78003531,17:19:49
78003531,17:19:51
78003531,17:19:50
78003531,17:19:52
78003531,17:26:39
78003531,17:26:48
78003531,17:26:54
78003531,17:26:39
78003531,17:36:19
78003531,17:36:20
78003531,17:36:19
78003531,02:25:37
78003531,02:25:39
78003531,02:34:45
78003531,02:34:45
78003369,17:36:21
78003369,17:36:21
78003369,17:36:22
78003369,02:03:43
78003006,17:36:23
78003006,17:36:22
78003006,02:10:24
78003388,17:36:23
78003388,17:36:24
78003388,17:36:23
78003388,17:36:24
78003363,17:36:22
78003363,17:36:21
78003363,02:16:55
78003033,16:51:32
78003033,16:51:32
78003033,17:36:21
78003033,17:36:21
78003033,17:36:20
78003033,01:58:41
78003033,01:58:42
78003033,01:58:43
78003355,17:20:51
78003355,17:20:51
78003355,17:36:21
78003355,17:36:21
78003355,17:36:20
78003355,02:22:07
78003355,02:22:08
78003355,02:22:11
78003356,17:36:20
78003356,02:16:30
78003356,02:16:41
78003356,02:16:41
78003356,02:16:31
78003391,17:36:25
78003391,17:36:26
78003391,17:36:24
78003058,17:36:25
78003058,17:36:25
78003058,02:09:17
78003299,17:36:24
78003299,17:36:24
78003299,02:09:05
78003299,02:09:15
78003299,02:09:17
78003299,02:09:05
78003055,17:36:24
78003055,17:36:24
78003055,02:09:03
78003055,02:09:14
78003055,02:09:03
78003057,17:36:24
78003057,17:36:26
78003057,17:36:24
78003057,02:15:43
78003057,02:15:53
78003057,02:15:43
78006181,17:36:12
78006181,17:36:12
78006181,17:36:12
78006181,17:36:05
78006181,17:36:05
78006181,02:00:21
78006181,02:55:52
78006181,02:55:52
78003193,17:36:27
78003193,17:36:28
78003193,17:36:22
78003193,17:36:22
78003056,17:36:26
78003056,02:09:03
78003056,02:09:13
78003056,02:09:16
78003056,02:09:03
78006032,17:36:24
78003473,17:40:45
78003473,02:13:54
78003473,02:14:06
78003473,02:13:54
78003473,02:29:32
78003358,01:43:37
78003358,01:43:38
78003358,01:43:38
78003358,01:43:32
78003358,01:43:32
78003358,01:43:33
78003358,01:43:32
78003358,02:16:59
78003358,02:16:47
78003358,02:16:47
78003176,17:32:46
78003176,17:32:50
78003176,17:32:49
78003176,17:32:47
78003176,17:32:50
78003176,17:32:52
78003176,17:33:04
78003176,17:33:05
78003176,17:33:06
78003176,17:33:08
78003176,17:33:07
78003176,17:33:09
78003176,17:33:11
78003176,17:33:13
78003176,17:33:15
78003176,17:33:15
78003176,17:33:17
78003176,17:33:19
78003176,17:33:24
78003176,17:33:27
78003176,17:33:29
78003176,17:33:32
78003176,17:33:34
78003176,17:33:37
78003176,17:33:38
78003176,17:33:40
78003176,17:33:45
78003176,17:33:46
78003176,17:33:49
78003176,17:33:52
78003176,17:33:55
78003176,17:33:58
78003176,17:33:59
78003176,17:34:00
78003176,17:34:03
78003176,17:34:07
78003176,17:34:08
78003176,17:34:06
78003176,17:34:08
78003176,17:34:12
78003176,17:34:11
78003176,17:34:13
78003176,17:34:15
78003176,17:34:17
78003176,17:34:19
78003176,17:34:21
78003176,17:34:23
78003176,17:34:25
78003176,17:34:27
78003176,17:34:29
78003176,17:34:31
78003176,17:34:33
78003176,17:34:36
78003176,17:34:37
78003176,17:34:42
78003176,17:34:44
78003176,17:34:45
78003176,17:34:49
78003176,17:34:48
78003176,17:34:50
78003176,17:34:52
78003176,17:34:58
78003176,17:35:00
78003176,17:35:02
78003176,17:35:04
78003176,17:35:06
78003176,17:35:08
78003176,17:35:10
78003176,17:35:10
78003176,17:35:13
78003176,17:35:12
78003176,17:35:14
78003176,17:35:16
78003176,17:35:18
78003176,17:35:20
78003176,17:35:23
78003176,17:35:25
78003176,17:35:26
78003176,17:35:27
78003176,17:35:28
78003176,17:35:31
78003176,17:35:33
78003176,17:35:35
78003176,17:35:37
78003176,17:35:39
78003176,17:35:41
78003176,17:35:43
78003176,17:35:45
78003176,17:35:47
78003176,17:35:49
78003176,17:35:51
78003176,17:35:53
78003176,17:35:55
78003176,17:35:57
78003176,17:36:01
78003176,17:36:01
78003176,17:36:04
78003176,17:36:05
78003176,17:36:08
78003176,01:52:50
78003176,01:52:49
78003176,01:52:41
78003176,01:52:41
78006150,17:30:01
78006150,17:30:06
78006150,17:30:02
78006150,17:30:07
78006150,17:30:08
78006150,17:30:14
78006150,17:30:15
78006150,17:30:19
78006150,17:30:21
78006150,17:30:24
78006150,17:30:25
78006150,17:30:27
78006150,17:30:30
78006150,17:30:32
78006150,17:30:34
78006150,17:30:35
78006150,17:30:37
78006150,17:30:38
78006150,17:30:40
78006150,17:30:44
78006150,17:30:46
78006150,17:30:48
78006150,17:30:52
78006150,17:30:54
78006150,17:30:58
78006150,17:31:00
78006150,17:31:02
78006150,17:31:04
78006150,17:31:07
78006150,17:31:05
78006150,17:31:10
78006150,17:31:11
78006150,17:31:12
78006150,17:31:15
78006150,17:31:17
78006150,17:31:18
78006150,17:31:19
78006150,17:31:20
78006150,17:31:22
78006150,17:31:25
78006150,17:31:27
78006150,17:31:29
78006150,17:31:27
78006150,17:31:31
78006150,17:31:33
78006150,17:31:35
78006150,17:31:37
78006150,17:31:39
78006150,17:31:41
78006150,17:31:44
78006150,17:31:45
78006150,17:31:43
78006150,17:31:47
78006150,17:31:45
78006150,01:52:50
78006150,01:52:39
78003218,17:36:08
78003218,01:53:09
78003285,17:34:18
78003285,17:34:27
78003285,17:34:29
78003285,17:34:31
78003285,17:34:34
78003285,17:34:37
78003285,17:34:54
78003285,17:35:01
78003285,17:35:04
78003285,17:35:21
78003285,17:35:23
78003285,17:35:25
78003285,17:35:39
78003285,17:35:43
78003285,17:35:46
78003285,17:35:55
78003285,17:36:11
78003285,01:54:17
78003285,02:01:42
78003285,02:01:41
78003285,02:05:28
78003285,02:05:28
78003015,17:36:12
78003015,17:36:11
78003015,01:54:27
78003015,01:54:37
78003015,01:54:27
78003249,17:36:00
78003249,17:36:05
78003249,17:36:08
78003249,17:36:10
78003249,17:36:11
78003249,01:54:54
78003219,17:32:48
78003219,17:32:50
78003219,17:32:53
78003219,17:32:55
78003219,17:33:39
78003219,17:33:39
78003219,17:33:40
78003219,17:33:46
78003219,17:33:48
78003219,17:33:52
78003219,17:34:13
78003219,17:34:58
78003219,17:35:00
78003219,17:35:03
78003219,17:35:04
78003219,17:35:13
78003219,17:35:15
78003219,17:35:27
78003219,17:36:09
78003219,01:55:10
78003219,01:55:12
78003021,17:36:20
78003021,17:36:21
78003021,17:36:21
78003021,17:36:15
78003021,17:36:15
78003021,01:56:32
78003021,01:56:21
78003549,17:32:58
78003549,17:32:59
78003549,17:33:01
78003549,17:33:03
78003549,17:33:05
78003549,17:33:07
78003549,17:33:09
78003549,17:33:11
78003549,17:33:13
78003549,17:33:15
78003549,17:33:18
78003549,17:33:19
78003549,17:33:21
78003549,17:33:26
78003549,17:33:29
78003549,17:33:30
78003549,17:33:31
78003549,17:33:34
78003549,17:33:36
78003549,17:33:38
78003549,17:33:41
78003549,17:33:40
78003549,17:33:45
78003549,17:33:46
78003549,17:33:44
78003549,17:33:48
78003549,17:33:47
78003549,17:34:46
78003549,17:35:53
78003549,17:36:09
78003549,01:56:31
78003039,17:36:14
78003039,17:36:13
78003039,01:57:15
78003039,01:57:15
78003039,02:29:39
78003039,02:29:38
78003034,17:36:11
78003034,17:36:10
78003034,01:57:32
78003274,17:36:11
78003274,17:36:12
78003274,17:36:15
78003274,17:36:09
78003274,17:36:08
78003274,01:57:45
78003274,01:57:49
78003274,01:57:53
78003274,02:20:21
78003274,02:20:26
78003274,02:20:27
78003274,02:20:28
78003274,02:20:24
78003274,02:20:25
78003178,17:32:53
78003178,17:32:55
78003178,17:32:57
78003178,17:32:56
78003178,17:32:58
78003178,17:33:02
78003178,17:33:06
78003178,17:33:03
78003178,17:33:03
78003178,17:33:11
78003178,17:33:18
78003178,17:33:25
78003178,17:33:26
78003178,17:33:36
78003178,17:33:42
78003178,17:34:13
78003178,17:34:17
78003178,17:34:19
78003178,17:34:21
78003178,17:34:23
78003178,17:34:34
78003178,17:34:35
78003178,17:34:35
78003178,17:34:40
78003178,17:34:42
78003178,17:34:44
78003178,17:34:47
78003178,17:34:49
78003178,17:34:50
78003178,17:35:19
78003178,17:35:20
78003178,17:35:23
78003178,17:35:24
78003178,17:35:29
78003178,17:35:31
78003178,17:35:33
78003178,17:35:36
78003178,17:35:44
78003178,17:35:48
78003178,17:35:59
78003178,17:36:02
78003178,17:36:04
78003178,17:36:05
78003178,17:36:08
78003178,01:58:03
78003178,01:58:06
78003178,02:08:56
78003178,02:08:58
78003072,17:36:23
78003072,17:36:23
78003072,17:36:23
78003072,17:36:17
78003072,17:36:17
78003072,01:58:11
78003263,17:36:14
78003263,17:36:14
78003263,17:36:07
78003263,17:36:07
78003263,01:58:23
78003245,01:59:11
78003102,17:36:12
78003102,01:59:15
78003479,17:36:15
78003479,17:36:18
78003479,17:36:16
78003479,17:36:12
78003479,17:36:12
78003479,01:59:18
78003098,17:36:09
78003098,01:59:23
78003273,17:33:03
78003273,17:33:13
78003273,17:34:02
78003273,17:34:04
78003273,17:34:43
78003273,17:34:45
78003273,17:35:03
78003273,17:35:09
78003273,17:35:28
78003273,17:35:33
78003273,17:35:34
78003273,17:35:36
78003273,17:35:41
78003273,17:36:02
78003273,17:36:03
78003273,17:36:09
78003273,17:36:02
78003273,17:36:02
78003273,01:59:25
78003273,02:20:35
78003273,02:20:38
78003273,02:20:33
78003273,02:20:40
78003273,02:29:56
78006067,17:32:46
78006067,17:32:46
78006067,17:32:49
78006067,17:32:56
78006067,17:32:59
78006067,17:33:34
78006067,17:33:33
78006067,17:33:34
78006067,17:33:39
78006067,17:33:44
78006067,17:33:47
78006067,17:33:48
78006067,17:33:51
78006067,17:33:53
78006067,17:33:54
78006067,17:33:58
78006067,17:33:57
78006067,17:33:58
78006067,17:34:02
78006067,17:34:04
78006067,17:34:05
78006067,17:34:06
78006067,17:34:09
78006067,17:34:10
78006067,17:34:13
78006067,17:34:15
78006067,17:34:18
78006067,17:34:20
78006067,17:34:22
78006067,17:34:24
78006067,17:34:36
78006067,17:34:40
78006067,17:34:38
78006067,17:34:42
78006067,17:34:43
78006067,17:34:46
78006067,17:34:47
78006067,17:34:50
78006067,17:34:52
78006067,17:34:58
78006067,17:35:00
78006067,17:35:02
78006067,17:35:07
78006067,17:35:04
78006067,17:35:09
78006067,17:35:11
78006067,17:35:09
78006067,17:35:11
78006067,17:35:12
78006067,17:35:20
78006067,17:35:23
78006067,17:35:25
78006067,17:35:27
78006067,17:35:29
78006067,17:35:30
78006067,17:35:34
78006067,17:36:10
78006067,01:59:25
78006067,02:55:53
78006067,02:55:54
78006067,02:55:47
78006067,02:55:47
78003094,17:36:11
78003094,17:36:04
78003094,17:36:04
78003094,02:00:45
78003094,02:00:48
78003094,02:00:36
78003094,02:00:36
78003315,17:36:17
78003315,17:36:11
78003315,17:36:11
78003315,02:00:52
78003262,17:36:14
78003262,17:36:14
78003262,17:36:07
78003262,17:36:07
78003262,02:00:53
78003262,02:00:42
78003262,02:00:42
78003216,17:36:12
78003216,02:01:06
78003216,02:01:05
78006171,02:01:12
78006171,02:01:10
78003205,17:36:16
78003205,17:36:17
78003205,17:36:16
78003205,02:01:28
78003205,02:01:38
78003205,02:01:41
78003205,02:01:28
78003209,02:01:40
78003427,02:02:37
78003427,02:02:37
78003191,17:36:12
78003191,17:36:11
78003191,02:02:56
78003545,17:36:16
78003545,02:02:47
78003545,02:02:57
78003545,02:03:00
78003545,02:02:47
78003322,17:36:13
78003322,17:36:16
78003322,17:36:17
78003322,17:36:10
78003322,17:36:10
78003322,02:02:55
78003322,02:03:05
78003322,02:03:04
78003322,02:02:55
78003468,17:36:13
78003468,17:36:12
78003468,17:36:06
78003468,17:36:06
78003468,02:03:08
78003468,02:29:16
78003468,02:29:15
78003468,02:29:16
78003239,17:36:12
78003239,17:36:10
78003239,02:03:12
78003250,17:36:11
78003250,17:36:10
78003250,02:03:39
78003010,17:36:17
78003010,17:36:17
78003010,17:36:10
78003010,17:36:10
78003010,02:03:38
78003010,02:03:26
78003010,02:03:26
78003246,17:35:13
78003246,17:36:05
78003246,17:36:11
78003246,17:36:10
78003246,02:03:38
78003246,02:03:27
78003246,02:03:27
78003246,02:41:24
78003246,02:41:26
78003246,02:41:25
78003540,17:33:02
78003540,17:33:03
78003540,17:33:05
78003540,17:33:07
78003540,17:33:11
78003540,17:33:16
78003540,17:33:18
78003540,17:33:20
78003540,17:33:21
78003540,17:33:24
78003540,17:33:28
78003540,17:33:29
78003540,17:33:32
78003540,17:33:34
78003540,17:33:36
78003540,17:33:38
78003540,17:33:40
78003540,17:33:43
78003540,17:33:47
78003540,17:33:48
78003540,17:33:51
78003540,17:33:53
78003540,17:33:58
78003540,17:34:01
78003540,17:34:02
78003540,17:34:05
78003540,17:34:06
78003540,17:34:08
78003540,17:34:11
78003540,17:34:12
78003540,17:34:17
78003540,17:34:18
78003540,17:34:25
78003540,17:34:27
78003540,17:34:29
78003540,17:34:31
78003540,17:34:33
78003540,17:34:34
78003540,17:34:37
78003540,17:34:38
78003540,17:34:39
78003540,17:34:42
78003540,17:34:43
78003540,17:34:46
78003540,17:34:48
78003540,17:34:49
78003540,17:34:51
78003540,17:34:53
78003540,17:35:00
78003540,17:35:02
78003540,17:35:05
78003540,17:35:06
78003540,17:35:08
78003540,17:35:10
78003540,17:35:12
78003540,17:35:14
78003540,17:35:16
78003540,17:35:19
78003540,17:35:21
78003540,17:35:22
78003540,17:35:24
78003540,17:35:26
78003540,17:35:29
78003540,17:35:31
78003540,17:35:33
78003540,17:35:35
78003540,17:35:36
78003540,17:35:39
78003540,17:35:41
78003540,17:35:43
78003540,17:35:45
78003540,17:35:47
78003540,17:35:49
78003540,17:35:51
78003540,17:35:54
78003540,17:35:55
78003540,17:35:58
78003540,17:36:01
78003540,17:36:04
78003540,17:36:06
78003540,17:36:08
78003540,17:36:09
78003540,17:36:09
78003540,02:03:22
78003540,02:03:30
78003540,02:03:22
78003256,02:03:37
78003256,02:41:25
78003256,02:41:27
78003225,17:36:17
78003225,17:36:18
78003225,17:36:17
78003225,17:36:11
78003225,17:36:11
78003225,02:03:40
78003225,02:03:50
78003225,02:03:49
78003225,02:03:40
78003225,02:48:12
78003225,02:48:11
78003261,17:32:55
78003261,17:32:57
78003261,17:33:01
78003261,17:33:01
78003261,17:33:03
78003261,17:33:05
78003261,17:33:07
78003261,17:33:09
78003261,17:33:12
78003261,17:33:11
78003261,17:33:13
78003261,17:33:18
78003261,17:33:21
78003261,17:33:22
78003261,17:33:24
78003261,17:33:25
78003261,17:33:26
78003261,17:33:27
78003261,17:33:28
78003261,17:33:29
78003261,17:33:32
78003261,17:33:34
78003261,17:33:36
78003261,17:33:36
78003261,17:33:37
78003261,17:33:38
78003261,17:33:40
78003261,17:33:42
78003261,17:33:42
78003261,17:33:44
78003261,17:33:47
78003261,17:33:46
78003261,17:33:48
78003261,17:33:52
78003261,17:33:50
78003261,17:33:53
78003261,17:33:52
78003261,17:33:54
78003261,17:33:56
78003261,17:33:57
78003261,17:33:58
78003261,17:34:01
78003261,17:34:01
78003261,17:34:03
78003261,17:34:02
78003261,17:34:04
78003261,17:34:06
78003261,17:34:09
78003261,17:34:11
78003261,17:34:13
78003261,17:34:18
78003261,17:34:17
78003261,17:34:19
78003261,17:34:21
78003261,17:34:23
78003261,17:34:24
78003261,17:34:25
78003261,17:34:28
78003261,17:34:27
78003261,17:34:29
78003261,17:34:32
78003261,17:34:31
78003261,17:34:33
78003261,17:34:34
78003261,17:34:36
78003261,17:34:35
78003261,17:34:38
78003261,17:34:37
78003261,17:34:39
78003261,17:34:41
78003261,17:34:43
78003261,17:34:45
78003261,17:34:47
78003261,17:34:50
78003261,17:34:51
78003261,17:34:55
78003261,17:34:53
78003261,17:35:01
78003261,17:35:00
78003261,17:35:03
78003261,17:35:02
78003261,17:35:04
78003261,17:35:06
78003261,17:35:08
78003261,17:35:09
78003261,17:35:10
78003261,17:35:12
78003261,17:35:14
78003261,17:35:16
78003261,17:35:19
78003261,17:35:18
78003261,17:35:20
78003261,17:35:23
78003261,17:35:22
78003261,17:35:24
78003261,17:35:26
78003261,17:35:29
78003261,17:35:31
78003261,17:35:30
78003261,17:35:32
78003261,17:35:34
78003261,17:35:36
78003261,17:35:39
78003261,17:35:42
78003261,17:35:41
78003261,17:35:43
78003261,17:35:45
78003261,17:35:47
78003261,17:35:49
78003261,17:35:50
78003261,17:35:51
78003261,17:35:54
78003261,17:35:53
78003261,17:35:55
78003261,17:35:57
78003261,17:35:59
78003261,17:36:02
78003261,17:36:01
78003261,17:36:03
78003261,17:36:05
78003261,17:36:08
78003261,17:36:11
78003261,17:36:10
78003261,17:36:09
78003261,01:59:53
78003261,01:59:56
78003261,02:04:15
78003261,02:04:19
78003261,02:04:18
78003261,02:04:12
78003261,02:04:54
78003261,02:04:57
78003261,02:04:43
78006100,17:30:07
78006100,17:30:12
78006100,17:30:13
78006100,17:31:48
78006100,17:31:46
78006100,02:04:13
78006100,02:04:23
78006100,02:04:25
78006100,02:04:13
78003160,17:32:43
78003160,17:32:45
78003160,17:32:52
78003160,17:32:53
78003160,17:32:55
78003160,17:32:57
78003160,17:32:59
78003160,17:33:22
78003160,17:33:24
78003160,17:33:32
78003160,17:33:30
78003160,17:33:32
78003160,17:33:34
78003160,17:33:39
78003160,17:33:41
78003160,17:33:42
78003160,17:33:44
78003160,17:33:46
78003160,17:33:48
78003160,17:33:54
78003160,17:33:56
78003160,17:34:01
78003160,17:34:02
78003160,17:34:05
78003160,17:34:06
78003160,17:34:09
78003160,17:34:12
78003160,17:34:13
78003160,17:34:15
78003160,17:34:18
78003160,17:34:19
78003160,17:34:22
78003160,17:34:23
78003160,17:34:26
78003160,17:34:27
78003160,17:34:29
78003160,17:34:32
78003160,17:34:33
78003160,17:34:36
78003160,17:34:38
78003160,17:34:41
78003160,17:34:43
78003160,17:34:46
78003160,17:34:48
78003160,17:34:50
78003160,17:34:53
78003160,17:34:58
78003160,17:35:00
78003160,17:35:03
78003160,17:35:04
78003160,17:35:06
78003160,17:35:08
78003160,17:35:10
78003160,17:35:12
78003160,17:35:15
78003160,17:35:16
78003160,17:35:19
78003160,17:35:20
78003160,17:35:33
78003160,17:35:34
78003160,17:35:37
78003160,17:35:38
78003160,17:35:41
78003160,17:35:48
78003160,17:35:50
78003160,17:35:51
78003160,17:35:54
78003160,17:35:55
78003160,17:35:58
78003160,17:35:59
78003160,17:36:05
78003160,17:36:06
78003160,17:36:07
78003160,17:36:10
78003160,17:36:08
78003160,17:36:03
78003160,17:36:03
78003160,02:04:23
78003160,02:04:34
78003160,02:04:23
78003009,17:32:43
78003009,17:32:44
78003009,17:32:47
78003009,17:32:48
78003009,17:32:51
78003009,17:32:55
78003009,17:32:57
78003009,17:32:58
78003009,17:33:01
78003009,17:33:03
78003009,17:33:04
78003009,17:33:06
78003009,17:33:08
78003009,17:33:11
78003009,17:33:12
78003009,17:33:15
78003009,17:33:00
78003009,17:33:00
78003009,17:33:17
78003009,17:33:19
78003009,17:33:02
78003009,17:33:30
78003009,17:33:33
78003009,17:33:35
78003009,17:33:38
78003009,17:33:39
78003009,17:33:42
78003009,17:33:43
78003009,17:33:45
78003009,17:33:48
78003009,17:33:49
78003009,17:33:55
78003009,17:33:56
78003009,17:33:58
78003009,17:34:00
78003009,17:34:02
78003009,17:34:03
78003009,17:34:06
78003009,17:34:08
78003009,17:34:10
78003009,17:34:12
78003009,17:34:15
78003009,17:34:16
78003009,17:34:18
78003009,17:34:23
78003009,17:34:24
78003009,17:34:27
78003009,17:34:29
78003009,17:34:30
78003009,17:34:35
78003009,17:34:39
78003009,17:34:47
78003009,17:34:49
78003009,17:34:54
78003009,17:35:03
78003009,17:35:05
78003009,17:35:10
78003009,17:35:12
78003009,17:35:14
78003009,17:35:16
78003009,17:35:17
78003009,17:35:20
78003009,17:35:21
78003009,17:35:24
78003009,17:35:27
78003009,17:35:28
78003009,17:35:34
78003009,17:35:36
78003009,17:35:38
78003009,17:35:40
78003009,17:35:42
78003009,17:35:44
78003009,17:35:46
78003009,17:35:48
78003009,17:35:50
78003009,17:35:52
78003009,17:35:54
78003009,17:35:57
78003009,17:35:59
78003009,17:36:01
78003009,17:36:03
78003009,17:36:04
78003009,17:36:07
78003009,17:36:09
78003009,17:36:02
78003009,17:36:02
78003009,02:04:33
78003009,02:04:33
78003009,02:21:13
78003009,02:21:13
78003009,02:21:13
78003009,02:21:08
78003009,02:21:08
78003179,17:36:14
78003179,17:36:14
78003179,17:36:07
78003179,17:36:07
78003179,02:04:25
78003179,02:04:37
78003179,02:04:25
78003179,02:55:37
78003179,02:55:31
78003179,02:55:31
78003361,17:32:46
78003361,17:32:48
78003361,17:32:51
78003361,17:32:57
78003361,17:32:59
78003361,17:33:06
78003361,17:33:10
78003361,17:33:16
78003361,17:33:25
78003361,17:33:36
78003361,17:33:53
78003361,17:34:11
78003361,17:34:14
78003361,17:34:15
78003361,17:34:27
78003361,17:34:37
78003361,17:34:38
78003361,17:34:37
78003361,17:34:41
78003361,17:34:44
78003361,17:34:48
78003361,17:34:52
78003361,17:35:00
78003361,17:35:02
78003361,17:35:05
78003361,17:35:07
78003361,17:35:08
78003361,17:35:10
78003361,17:35:14
78003361,17:35:20
78003361,17:35:23
78003361,17:35:26
78003361,17:35:27
78003361,17:35:30
78003361,17:35:31
78003361,17:35:32
78003361,17:35:35
78003361,17:35:37
78003361,17:35:42
78003361,17:35:44
78003361,17:35:45
78003361,17:35:47
78003361,17:35:49
78003361,17:35:52
78003361,17:35:53
78003361,17:35:55
78003361,17:35:57
78003361,17:36:00
78003361,17:36:02
78003361,17:36:01
78003361,17:36:03
78003361,17:36:06
78003361,17:36:05
78003361,17:36:07
78003361,02:04:39
78003001,17:36:19
78003001,17:36:20
78003001,17:36:20
78003001,17:36:21
78003001,17:36:14
78003001,17:36:14
78003001,02:04:41
78003001,02:04:44
78003001,02:04:31
78003001,02:04:31
78003440,17:36:20
78003440,17:36:20
78003440,17:36:14
78003440,17:36:14
78003440,02:04:41
78003440,02:04:43
78003440,02:04:30
78003440,02:04:30
78003020,17:36:21
78003020,17:36:20
78003020,17:36:21
78003020,17:36:14
78003020,17:36:14
78003020,02:04:45
78003020,02:04:35
78003020,02:04:35
78003471,17:23:39
78003471,17:23:39
78003471,17:36:12
78003471,02:04:52
78003471,02:04:53
78003471,02:04:43
78003471,02:04:43
78003471,02:29:09
78003471,02:29:09
78003491,17:36:18
78003491,17:36:19
78003491,17:36:19
78003491,17:36:12
78003491,17:36:12
78003491,02:04:46
78003491,02:04:57
78003491,02:04:46
78003491,02:45:03
78003491,02:45:04
78003491,02:45:06
78003491,02:45:09
78003491,02:45:10
78003491,02:45:16
78003491,02:45:15
78003539,17:36:13
78003539,17:36:11
78003539,17:36:06
78003539,17:36:06
78003539,02:04:55
78003241,02:05:04
78003241,02:04:54
78003241,02:04:54
78003288,17:36:13
78003288,17:36:12
78003288,17:36:06
78003288,17:36:06
78003288,02:05:08
78003288,02:05:19
78003288,02:05:08
78003288,02:55:51
78003288,02:55:52
78003074,02:05:24
78003377,17:36:19
78003377,17:36:20
78003377,17:36:18
78003377,02:05:26
78003253,17:36:24
78003253,17:36:25
78003253,17:36:23
78003253,17:36:18
78003253,17:36:18
78003253,02:05:25
78003253,02:05:14
78003253,02:05:14
78003253,02:32:28
78003253,02:32:33
78003253,02:32:46
78003253,02:33:06
78003253,02:33:08
78003253,02:33:19
78003253,02:33:34
78003537,17:36:13
78003537,17:36:13
78003537,17:36:06
78003537,17:36:06
78003537,02:05:40
78003537,02:05:51
78003537,02:05:52
78003537,02:05:55
78003537,02:05:41
78003259,17:36:21
78003259,17:36:25
78003259,17:36:19
78003259,17:36:19
78003259,02:05:41
78003259,02:05:52
78003259,02:05:53
78003259,02:05:43
78003259,02:32:34
78003259,02:33:36
78003192,17:36:23
78003192,17:36:24
78003192,17:36:27
78003192,17:36:28
78003192,17:36:21
78003192,17:36:22
78003192,02:05:57
78003192,02:05:47
78003192,02:05:47
78003104,17:18:22
78003104,17:18:22
78003104,17:36:11
78003104,02:06:24
78003104,02:06:27
78003103,17:34:46
78003103,17:35:13
78003103,17:35:19
78003103,17:35:24
78003103,17:35:25
78003103,17:35:27
78003103,17:35:28
78003103,17:36:07
78003103,17:36:09
78003103,17:36:12
78003103,17:36:10
78003103,17:36:11
78003103,02:06:24
78003103,02:06:14
78003103,02:06:26
78003103,02:06:29
78003103,02:06:14
78006033,17:31:50
78006033,17:31:50
78006033,17:31:42
78006033,17:31:42
78006033,02:06:26
78006051,17:31:50
78006051,17:31:50
78006051,17:31:43
78006051,17:31:43
78006051,02:06:31
78006051,02:06:34
78003368,17:36:21
78003368,17:36:22
78003368,17:36:23
78003368,17:36:21
78003368,17:36:22
78003368,02:06:30
78003368,02:06:40
78003368,02:06:43
78003368,02:06:32
78003157,17:31:50
78003157,17:31:50
78003157,17:31:43
78003157,17:31:43
78003157,02:06:41
78003229,17:36:17
78003229,17:36:18
78003229,17:36:15
78003229,17:36:10
78003229,17:36:11
78003229,02:06:39
78003229,02:06:47
78003229,02:06:50
78003229,02:06:39
78003229,02:49:21
78003229,02:49:23
78003229,02:49:22
78003105,17:36:12
78003105,17:36:10
78003105,17:36:05
78003105,17:36:05
78003105,02:06:40
78003105,02:06:50
78003105,02:06:53
78003105,02:06:40
78003105,02:17:59
78003105,02:18:28
78003105,02:26:43
78003105,02:26:43
78003426,17:36:15
78003426,17:36:14
78003426,02:06:55
78003426,02:06:44
78003426,02:06:44
78003312,17:36:20
78003312,17:36:20
78003312,17:36:20
78003312,02:06:52
78003312,02:07:02
78003312,02:06:52
78006185,17:23:42
78006185,17:23:43
78006185,17:31:54
78006185,17:31:51
78006185,17:31:56
78006185,17:31:55
78006185,17:31:56
78006185,17:31:48
78006185,17:31:49
78006185,02:06:54
78006185,02:07:00
78006185,02:07:04
78006185,02:06:54
78006065,16:48:40
78006065,17:16:12
78006065,17:16:25
78006065,17:16:27
78006065,17:16:14
78006065,17:31:50
78006065,17:31:49
78006065,17:31:42
78006065,17:31:42
78006065,02:07:25
78006065,02:07:38
78006065,02:07:26
78003248,17:33:41
78003248,17:33:42
78003248,17:35:04
78003248,17:35:10
78003248,17:35:12
78003248,17:35:16
78003248,17:35:18
78003248,17:35:20
78003248,17:35:23
78003248,17:35:27
78003248,17:35:31
78003248,17:35:34
78003248,17:35:44
78003248,17:35:45
78003248,17:35:52
78003248,17:35:54
78003248,17:35:56
78003248,17:35:58
78003248,17:36:02
78003248,17:36:11
78003248,17:36:10
78003248,02:07:27
78003248,02:07:37
78003248,02:07:39
78003248,02:07:27
78003248,02:41:23
78003248,02:41:23
78003248,02:41:25
78003251,17:34:04
78003251,17:34:14
78003251,17:34:24
78003251,17:34:25
78003251,17:34:27
78003251,17:34:30
78003251,17:34:31
78003251,17:34:33
78003251,17:34:36
78003251,17:34:44
78003251,17:34:47
78003251,17:34:52
78003251,17:35:08
78003251,17:35:10
78003251,17:35:14
78003251,17:35:26
78003251,17:35:29
78003251,17:35:37
78003251,17:35:43
78003251,17:35:45
78003251,17:35:51
78003251,17:35:53
78003251,17:35:56
78003251,17:35:58
78003251,17:36:00
78003251,17:36:02
78003251,17:36:03
78003251,17:36:06
78003251,17:36:07
78003251,17:36:10
78003251,17:36:11
78003251,02:07:26
78003251,02:07:36
78003251,02:07:39
78003251,02:07:26
78003251,02:41:27
78003251,02:41:27
78006078,17:29:50
78006078,17:29:52
78006078,17:29:54
78006078,17:29:57
78006078,17:29:59
78006078,17:30:16
78006078,17:30:20
78006078,17:30:22
78006078,17:30:23
78006078,17:30:25
78006078,17:30:27
78006078,17:30:30
78006078,17:30:31
78006078,17:30:33
78006078,17:30:36
78006078,17:30:38
78006078,17:30:39
78006078,17:30:42
78006078,17:30:43
78006078,17:30:48
78006078,17:30:54
78006078,17:30:57
78006078,17:30:58
78006078,17:31:00
78006078,17:31:03
78006078,17:31:05
78006078,17:31:06
78006078,17:31:08
78006078,17:31:11
78006078,17:31:13
78006078,17:31:15
78006078,17:31:16
78006078,17:31:18
78006078,17:31:21
78006078,17:31:22
78006078,17:31:25
78006078,17:31:26
78006078,17:31:29
78006078,17:31:30
78006078,17:31:33
78006078,17:31:34
78006078,17:31:37
78006078,17:31:39
78006078,17:31:42
78006078,17:31:43
78006078,17:31:45
78006078,02:07:44
78006078,02:44:26
78006078,02:44:31
78003547,17:32:59
78003547,17:32:59
78003547,17:33:00
78003547,17:33:03
78003547,17:33:05
78003547,17:33:07
78003547,17:33:09
78003547,17:33:11
78003547,17:33:13
78003547,17:33:17
78003547,17:33:19
78003547,17:33:21
78003547,17:33:23
78003547,17:33:23
78003547,17:33:25
78003547,17:33:28
78003547,17:33:33
78003547,17:33:35
78003547,17:33:38
78003547,17:33:40
78003547,17:33:42
78003547,17:33:44
78003547,17:33:46
78003547,17:33:48
78003547,17:33:50
78003547,17:33:49
78003547,17:33:50
78003547,17:33:52
78003547,17:33:55
78003547,17:33:57
78003547,17:33:58
78003547,17:34:01
78003547,17:34:09
78003547,17:34:09
78003547,17:34:20
78003547,17:34:21
78003547,17:34:20
78003547,17:34:21
78003547,17:34:24
78003547,17:34:29
78003547,17:34:44
78003547,17:35:06
78003547,17:35:39
78003547,17:35:48
78003547,17:35:49
78003547,17:36:09
78003547,02:08:03
78003547,02:07:53
78003547,02:07:53
78006008,16:49:04
78006008,16:50:42
78006008,17:29:50
78006008,17:29:51
78006008,17:29:53
78006008,17:29:55
78006008,17:29:56
78006008,17:29:58
78006008,17:30:00
78006008,17:30:03
78006008,17:30:05
78006008,17:30:07
78006008,17:30:11
78006008,17:30:09
78006008,17:30:14
78006008,17:30:15
78006008,17:30:13
78006008,17:30:41
78006008,17:30:46
78006008,17:31:02
78006008,17:31:00
78006008,17:31:02
78006008,17:31:04
78006008,17:31:08
78006008,17:31:13
78006008,17:31:14
78006008,17:31:17
78006008,17:31:18
78006008,17:31:21
78006008,17:31:23
78006008,17:31:25
78006008,17:31:27
78006008,17:31:30
78006008,17:31:31
78006008,17:31:35
78006008,17:31:38
78006008,17:31:40
78006008,17:31:42
78006008,17:31:44
78006008,17:31:45
78006008,17:31:38
78006008,17:31:47
78006008,17:31:38
78006008,02:08:22
78006008,02:08:27
78006008,02:57:09
78003470,17:36:13
78003470,17:36:11
78003470,02:09:00
78003470,02:09:00
78003470,02:29:21
78003470,02:29:20
78003228,17:36:17
78003228,17:36:16
78003228,02:08:59
78003228,02:08:49
78003228,02:08:49
78003228,02:48:12
78003228,02:48:11
78006146,17:31:47
78006146,02:09:03
78006146,02:44:45
78003026,17:36:21
78003026,17:36:22
78003026,17:36:16
78003026,17:36:16
78003026,02:09:23
78003026,02:09:11
78003026,02:09:11
78003026,02:29:01
78003026,02:30:12
78003026,02:30:11
78003028,17:18:50
78003028,17:18:50
78003028,17:18:55
78003028,17:18:54
78003028,17:36:23
78003028,17:36:23
78003028,17:36:16
78003028,17:36:16
78003028,02:09:20
78003028,02:09:10
78003028,02:09:10
78003028,02:30:04
78003028,02:30:08
78003028,02:30:01
78003028,02:30:03
78003137,17:36:17
78003137,17:36:18
78003137,17:36:18
78003137,17:36:19
78003137,17:36:12
78003137,17:36:12
78003137,02:09:19
78003137,02:09:30
78003137,02:09:33
78003137,02:09:21
78003137,02:48:14
78003137,02:48:16
78003137,02:48:14
78003284,17:36:14
78003284,17:36:15
78003284,17:36:08
78003284,17:36:08
78003284,02:09:30
78003284,02:09:32
78003284,02:28:24
78003284,02:28:26
78003284,02:28:26
78003284,02:28:28
78003284,02:28:22
78003284,02:28:22
78003319,17:36:16
78003319,17:36:18
78003319,17:36:18
78003319,17:36:11
78003319,17:36:11
78003319,02:09:32
78003319,02:09:34
78003319,02:09:22
78003319,02:09:22
78003037,16:36:02
78003037,16:36:02
78003037,16:36:03
78003037,16:36:03
78003037,17:36:14
78003037,17:36:15
78003037,17:36:15
78003037,02:09:57
78003037,02:10:00
78003037,02:26:41
78003037,02:26:41
78003158,17:32:45
78003158,17:33:06
78003158,17:33:20
78003158,17:34:12
78003158,17:36:09
78003158,02:10:05
78003158,02:09:55
78003158,02:09:55
78003544,17:36:11
78003544,17:36:14
78003544,17:36:07
78003544,17:36:07
78003544,02:09:58
78003544,02:10:10
78003544,02:10:10
78003544,02:09:58
78003544,02:55:37
78003544,02:55:38
78003544,02:55:32
78003139,17:36:16
78003139,17:36:17
78003139,02:10:00
78003139,02:10:11
78003139,02:10:02
78003139,02:49:32
78003139,02:49:33
78003139,02:49:32
78003139,02:49:34
78003139,02:49:33
78003139,02:49:33
78003139,02:49:38
78003139,02:57:22
78003139,02:57:22
78003013,17:36:21
78003013,17:36:20
78003013,17:36:14
78003013,17:36:14
78003013,02:10:16
78003013,02:10:19
78003014,17:36:20
78003014,17:36:20
78003014,17:36:19
78003014,17:36:21
78003014,17:36:15
78003014,17:36:15
78003014,02:10:14
78003014,02:10:17
78003014,02:10:04
78003014,02:10:04
78006172,02:10:14
78006172,02:10:26
78006172,02:10:27
78006172,02:10:30
78006172,02:10:14
78006172,02:10:16
78006172,02:10:16
78006105,17:31:51
78006105,17:31:49
78006105,02:10:24
78006173,02:10:27
78006173,02:10:27
78006173,02:10:30
78003487,17:36:15
78003487,17:36:18
78003487,17:36:12
78003487,17:36:12
78003487,02:10:28
78003487,02:10:32
78003487,02:10:18
78003487,02:10:18
78003049,16:36:04
78003049,16:36:04
78003049,17:36:12
78003049,17:36:11
78003049,02:10:27
78003049,02:10:30
78003049,02:10:32
78003049,02:10:17
78003049,02:10:17
78003049,02:32:15
78003049,02:32:15
78003049,02:32:17
78003049,02:32:18
78003049,02:32:13
78003040,17:36:13
78003040,17:36:11
78003040,02:10:29
78003040,02:10:32
78003040,02:32:16
78003040,02:32:13
78003040,02:32:17
78003040,02:32:12
78003040,02:32:13
78003048,17:32:47
78003048,17:32:49
78003048,17:32:49
78003048,17:32:50
78003048,17:32:51
78003048,17:33:09
78003048,17:33:11
78003048,17:33:12
78003048,17:33:14
78003048,17:33:17
78003048,17:33:18
78003048,17:33:20
78003048,17:33:23
78003048,17:33:26
78003048,17:33:23
78003048,17:33:27
78003048,17:33:30
78003048,17:33:28
78003048,17:33:32
78003048,17:33:33
78003048,17:33:35
78003048,17:33:39
78003048,17:33:41
78003048,17:33:42
78003048,17:34:40
78003048,17:35:03
78003048,17:35:07
78003048,17:35:08
78003048,17:35:10
78003048,17:35:13
78003048,17:35:16
78003048,17:35:25
78003048,17:36:02
78003048,17:36:06
78003048,17:36:03
78003048,17:36:03
78003048,02:10:26
78003048,02:10:27
78003048,02:10:28
78003048,02:10:16
78003048,02:10:16
78003042,17:36:12
78003042,02:10:33
78003042,02:32:11
78003042,02:32:10
78003042,02:32:14
78003042,02:32:15
78003042,02:32:10
78003038,17:36:13
78003038,02:10:31
78003038,02:10:20
78003038,02:10:20
78003375,17:36:18
78003375,17:36:18
78003375,17:36:17
78003375,02:10:32
78003375,02:10:35
78003375,02:10:21
78003375,02:10:21
78003375,02:30:47
78003375,02:30:45
78003375,02:30:46
78003375,02:30:47
78003050,17:36:15
78003050,17:36:16
78003050,02:10:34
78003050,02:10:20
78003050,02:10:20
78003379,17:36:17
78003379,17:36:17
78003379,02:10:35
78003379,02:10:20
78003379,02:10:20
78006049,17:31:50
78006049,17:31:48
78006049,02:10:37
78003086,17:36:12
78003086,02:10:29
78003086,02:10:39
78003086,02:10:39
78003086,02:10:29
78003224,17:36:18
78003224,17:36:16
78003224,02:10:32
78003224,02:10:35
78003224,02:10:22
78003224,02:10:22
78003224,02:30:34
78003224,02:30:36
78003224,02:30:38
78003224,02:30:43
78003224,02:30:42
78003224,02:30:44
78006046,17:31:50
78006046,17:31:48
78006046,02:10:41
78006046,02:13:55
78006046,02:13:55
78006045,02:10:45
78003425,17:36:15
78003425,17:36:16
78003425,17:36:14
78003425,02:10:52
78003425,02:11:03
78003425,02:11:04
78003425,02:11:07
78003425,02:10:53
78003093,02:11:03
78003093,02:11:06
78006124,17:31:48
78006124,17:31:46
78006124,02:11:17
78006124,02:22:56
78003237,17:36:14
78003237,17:36:13
78003237,02:11:22
78003237,02:11:25
78003237,02:11:13
78003237,02:11:27
78003237,02:11:27
78003237,02:11:29
78003237,02:11:13
78003237,02:11:32
78003237,02:11:30
78003237,02:11:33
78003237,02:11:34
78003237,02:11:37
78003237,02:23:32
78003237,02:23:32
78003236,17:36:14
78003236,17:36:13
78003236,02:11:16
78003236,02:11:26
78003236,02:11:27
78003236,02:11:29
78003236,02:11:30
78003236,02:11:32
78003236,02:11:16
78003236,02:11:35
78003236,02:11:35
78003236,02:11:37
78003236,02:11:39
78003238,17:36:15
78003238,17:36:15
78003238,02:11:23
78003238,02:11:26
78003238,02:11:14
78003238,02:11:27
78003238,02:11:14
78003238,02:11:32
78003238,02:11:34
78003238,02:11:35
78003062,17:36:18
78003062,17:36:18
78003062,02:11:27
78003062,02:11:36
78003062,02:11:37
78003062,02:11:27
78006110,17:29:48
78006110,17:30:14
78006110,17:31:44
78006110,17:31:39
78006110,17:31:39
78006110,02:11:41
78006110,02:32:07
78006012,16:49:14
78006012,16:50:33
78006012,17:30:17
78006012,17:30:29
78006012,17:30:55
78006012,17:30:53
78006012,17:30:56
78006012,17:30:58
78006012,17:31:00
78006012,17:31:04
78006012,17:31:11
78006012,17:31:13
78006012,17:31:14
78006012,17:31:17
78006012,17:31:18
78006012,17:31:20
78006012,17:31:22
78006012,17:31:24
78006012,17:31:27
78006012,17:31:32
78006012,17:31:36
78006012,17:31:40
78006012,17:31:43
78006012,17:31:46
78006012,17:31:47
78006012,02:11:48
78003460,17:20:30
78003460,17:20:31
78003460,17:20:35
78003460,17:36:13
78003460,17:36:14
78003460,17:36:12
78003460,02:12:11
78003460,02:12:21
78003460,02:12:11
78003461,17:20:18
78003461,17:20:27
78003461,17:20:30
78003461,17:20:32
78003461,17:20:18
78003461,17:36:13
78003461,02:12:11
78003461,02:12:21
78003461,02:12:11
78003035,02:12:26
78003035,02:12:37
78003035,02:12:26
78003036,17:36:14
78003036,02:12:37
78003036,02:12:40
78006061,17:36:16
78006061,17:36:16
78006061,17:36:09
78006061,17:36:10
78006061,02:12:39
78006061,02:12:42
78003275,17:36:16
78003275,17:36:17
78003275,17:36:09
78003275,17:36:09
78003275,02:12:38
78003275,02:12:28
78003275,02:12:28
78003275,02:32:23
78003275,02:32:23
78006128,17:25:37
78006128,17:25:37
78006128,17:31:48
78006128,17:31:46
78006128,02:12:44
78006128,02:12:48
78006144,17:31:47
78006144,17:31:39
78006144,17:31:39
78006144,02:12:48
78003051,17:36:13
78003051,17:36:11
78003051,02:12:56
78003051,02:12:45
78003051,02:12:45
78003051,02:22:49
78003051,02:22:52
78003051,02:22:46
78003051,02:22:46
78003052,17:36:14
78003052,17:36:13
78003052,02:12:45
78003052,02:12:54
78003052,02:12:57
78003052,02:12:45
78003052,02:22:44
78003052,02:22:38
78003052,02:22:38
78003370,16:36:01
78003370,16:36:01
78003370,16:36:01
78003370,17:36:19
78003370,17:36:19
78003370,17:36:13
78003370,17:36:13
78003370,02:12:47
78003370,02:12:59
78003370,02:12:47
78003376,17:36:13
78003376,17:36:13
78003376,17:36:06
78003376,17:36:06
78003376,02:12:57
78003492,17:36:19
78003492,17:36:20
78003492,17:36:20
78003492,17:36:19
78003492,17:36:12
78003492,17:36:13
78003492,02:13:03
78003492,02:13:02
78003492,02:12:52
78003492,02:12:52
78003226,17:36:17
78003226,17:36:16
78003226,02:13:04
78003226,02:13:07
78003226,02:12:55
78003226,02:12:55
78003226,02:30:42
78003226,02:30:44
78003226,02:30:45
78003498,17:36:16
78003498,17:36:19
78003498,02:13:04
78003498,02:13:07
78003498,02:12:54
78003498,02:12:54
78006118,17:28:26
78006118,17:28:26
78006118,17:31:57
78006118,17:31:57
78006118,17:31:56
78006118,02:13:16
78006118,02:13:20
78006118,02:30:43
78006118,02:30:45
78006118,02:30:46
78006047,17:31:36
78006047,17:31:37
78006047,17:31:39
78006047,17:31:41
78006047,17:31:43
78006047,17:31:45
78006047,17:31:48
78006047,17:31:41
78006047,17:31:41
78006047,02:13:27
78003429,17:12:29
78003429,17:12:34
78003429,17:12:31
78003429,17:12:35
78003429,17:35:23
78003429,17:36:12
78003429,17:36:04
78003429,17:36:04
78003429,02:13:42
78003429,02:13:47
78003243,17:36:15
78003243,02:13:42
78003243,02:13:52
78003243,02:13:55
78003243,02:13:42
78003258,16:48:03
78003258,17:36:23
78003258,17:36:24
78003258,17:36:24
78003258,17:36:18
78003258,17:36:18
78003258,02:14:02
78003258,02:14:14
78003258,02:14:17
78003258,02:14:03
78003550,17:36:21
78003550,17:36:20
78003550,17:36:19
78003550,17:36:20
78003550,02:14:21
78003550,02:14:21
78003550,02:14:21
78003550,02:14:24
78003550,02:14:11
78003550,02:14:25
78003550,02:14:11
78006113,17:36:15
78006113,17:36:14
78006113,02:14:13
78006113,02:14:23
78006113,02:14:26
78006113,02:14:13
78006113,02:27:33
78006113,02:27:37
78006113,02:27:31
78006113,02:27:32
78003318,17:36:18
78003318,17:36:18
78003318,17:36:11
78003318,17:36:11
78003318,02:14:33
78003318,02:14:23
78003318,02:14:35
78003318,02:14:23
78003011,17:36:21
78003011,17:36:20
78003011,02:14:22
78003011,02:14:11
78003011,02:14:25
78003011,02:14:11
78006161,02:14:44
78006161,02:14:48
78006063,17:31:47
78006063,17:31:46
78006063,02:14:48
78003396,17:36:14
78003396,17:36:10
78003396,17:36:10
78003396,02:14:54
78003396,02:14:57
78003396,02:14:43
78003396,02:14:43
78003396,02:32:32
78003396,02:32:37
78003396,02:45:41
78003327,17:36:14
78003327,17:36:17
78003327,17:36:11
78003327,17:36:11
78003327,02:14:54
78003327,02:14:57
78003327,02:14:44
78003327,02:14:44
78003463,17:20:30
78003463,17:20:35
78003463,17:20:33
78003463,17:35:29
78003463,01:46:50
78003463,01:46:54
78003463,01:46:51
78003463,01:46:56
78003463,01:46:56
78003463,01:48:47
78003463,01:48:49
78003463,01:48:51
78003463,01:48:52
78003463,01:48:55
78003463,01:49:03
78003463,02:05:06
78003463,02:05:12
78003463,02:05:43
78003463,02:05:42
78003463,02:05:45
78003463,02:05:48
78003463,02:05:49
78003463,02:05:51
78003463,02:05:54
78003463,02:05:55
78003463,02:05:58
78003463,02:05:59
78003463,02:06:01
78003463,02:06:04
78003463,02:06:06
78003463,02:06:07
78003463,02:06:10
78003463,02:06:12
78003463,02:06:13
78003463,02:06:16
78003463,02:06:18
78003463,02:06:19
78003463,02:06:22
78003463,02:06:24
78003463,02:06:26
78003463,02:06:27
78003463,02:06:30
78003463,02:06:32
78003463,02:06:34
78003463,02:06:37
78003463,02:06:38
78003463,02:06:40
78003463,02:06:43
78003463,02:06:40
78003463,02:06:45
78003463,02:06:46
78003463,02:06:48
78003463,02:06:51
78003463,02:06:53
78003463,02:06:54
78003463,02:06:57
78003463,02:06:59
78003463,02:07:00
78003463,02:07:03
78003463,02:07:05
78003463,02:07:07
78003463,02:12:14
78003463,02:12:16
78003463,02:12:18
78003463,02:12:19
78003463,02:12:21
78003463,02:12:23
78003463,02:12:25
78003463,02:12:29
78003463,02:12:31
78003463,02:12:33
78003463,02:12:35
78003463,02:12:37
78003463,02:12:39
78003463,02:12:43
78003463,02:12:42
78003463,02:12:44
78003463,02:12:46
78003463,02:12:49
78003463,02:12:51
78003463,02:12:53
78003463,02:12:57
78003463,02:12:58
78003463,02:13:02
78003463,02:13:04
78003463,02:13:05
78003463,02:13:14
78003463,02:13:16
78003463,02:13:18
78003463,02:13:23
78003463,02:13:24
78003463,02:13:27
78003463,02:13:28
78003463,02:13:30
78003463,02:13:33
78003463,02:13:35
78003463,02:13:37
78003463,02:13:39
78003463,02:13:41
78003463,02:13:55
78003463,02:14:03
78003463,02:14:09
78003463,02:14:10
78003463,02:14:12
78003463,02:14:14
78003463,02:14:16
78003463,02:14:18
78003463,02:14:20
78003463,02:14:22
78003463,02:14:24
78003463,02:14:26
78003463,02:14:37
78003463,02:14:55
78003463,02:15:00
78003463,02:15:02
78003463,02:15:04
78003463,02:15:06
78003463,02:15:08
78003463,02:15:09
78003463,02:15:11
78003463,02:15:13
78003463,02:15:15
78003463,02:15:17
78003463,02:15:19
78003463,02:15:21
78003463,02:15:23
78003463,02:15:25
78003463,02:15:27
78003463,02:15:39
78003463,02:15:41
78003463,02:15:43
78003463,02:15:44
78003463,02:15:49
78003463,02:15:51
78003463,02:15:53
78003463,02:15:55
78003463,02:15:57
78003463,02:16:00
78003463,02:16:03
78003463,02:16:05
78003463,02:16:07
78003463,02:16:13
78003463,02:16:15
78003463,02:16:17
78003463,02:16:20
78003463,02:16:23
78003463,02:16:25
78003463,02:16:32
78003463,02:16:35
78003463,02:16:42
78003463,02:16:47
78003463,02:16:49
78003463,02:17:07
78003321,17:36:12
78003321,17:36:16
78003321,17:36:14
78003321,17:36:09
78003321,17:36:10
78003321,02:15:14
78003321,02:15:18
78003321,02:15:06
78003321,02:15:06
78003140,17:36:16
78003140,17:36:15
78003140,02:15:27
78003140,02:15:30
78003140,02:15:17
78003140,02:15:17
78003140,02:49:28
78003140,02:49:26
78003140,02:49:27
78003140,02:49:29
78003138,17:36:17
78003138,17:36:16
78003138,02:15:27
78003138,02:15:30
78003138,02:49:25
78003138,02:49:26
78003138,02:49:26
78003138,02:49:28
78006007,16:51:34
78006007,16:51:34
78006007,17:31:48
78006007,17:31:46
78006007,02:15:28
78006007,02:41:03
78006007,02:41:05
78006007,02:41:04
78003213,17:36:17
78003213,17:36:16
78003213,02:15:26
78003213,02:15:26
78003213,02:15:16
78003213,02:15:16
78003474,17:36:14
78003474,17:36:12
78003474,02:15:33
78003474,02:15:43
78003474,02:15:42
78003474,02:15:33
78003474,02:29:21
78003474,02:29:20
78003469,17:36:14
78003469,17:36:13
78003469,17:36:13
78003469,02:15:33
78003469,02:15:43
78003469,02:15:46
78003469,02:15:33
78003469,02:29:09
78003469,02:29:08
78006137,17:31:46
78006137,02:15:50
78003066,02:16:00
78003066,02:15:49
78003066,02:16:02
78003066,02:15:49
78003462,17:36:12
78003462,17:36:11
78003462,02:15:59
78003462,02:16:09
78003462,02:16:11
78003462,02:15:59
78003059,17:36:24
78003059,17:36:23
78003059,17:36:24
78003059,02:15:58
78003059,02:16:08
78003059,02:16:11
78003059,02:15:58
78003467,17:20:30
78003467,17:20:33
78003467,17:36:14
78003467,17:36:12
78003467,02:16:25
78003467,02:16:28
78003467,02:16:15
78003467,02:16:32
78003467,02:16:15
78003467,02:17:03
78003467,02:17:01
78003467,02:17:03
78003466,17:20:28
78003466,17:20:33
78003466,17:36:14
78003466,17:36:13
78003466,02:16:25
78003466,02:16:28
78006158,17:30:00
78006158,17:30:00
78006158,17:30:03
78006158,17:30:12
78006158,17:30:14
78006158,17:30:15
78006158,17:30:17
78006158,17:30:19
78006158,17:30:21
78006158,17:30:28
78006158,17:30:30
78006158,17:30:33
78006158,17:30:36
78006158,17:30:38
78006158,17:30:45
78006158,17:30:50
78006158,17:30:52
78006158,17:30:55
78006158,17:30:56
78006158,17:30:58
78006158,17:31:00
78006158,17:31:02
78006158,17:31:04
78006158,17:31:06
78006158,17:31:08
78006158,17:31:10
78006158,17:31:12
78006158,17:31:15
78006158,17:31:16
78006158,17:31:18
78006158,17:31:20
78006158,17:31:23
78006158,17:31:25
78006158,17:31:28
78006158,17:31:29
78006158,17:31:31
78006158,17:31:33
78006158,17:31:35
78006158,17:31:37
78006158,17:31:39
78006158,17:31:41
78006158,17:31:44
78006158,17:31:38
78006158,17:31:38
78006158,02:16:28
78006126,17:31:49
78006126,17:31:47
78006126,02:16:28
78006126,02:44:32
78006126,02:44:32
78003220,17:36:13
78003220,17:36:14
78003220,17:36:12
78003220,02:16:26
78003220,02:16:26
78003220,02:16:31
78003220,02:16:33
78003220,02:16:34
78003220,02:16:41
78003220,02:16:42
78006156,17:29:52
78006156,17:29:53
78006156,17:29:55
78006156,17:30:02
78006156,17:30:02
78006156,17:30:06
78006156,17:30:10
78006156,17:30:07
78006156,17:30:10
78006156,17:30:11
78006156,17:30:15
78006156,17:30:56
78006156,17:31:14
78006156,17:31:17
78006156,17:31:29
78006156,17:31:31
78006156,17:31:34
78006156,17:31:41
78006156,17:31:46
78006156,17:31:38
78006156,17:31:38
78006156,02:16:28
78006156,02:29:29
78006179,17:31:48
78006179,17:31:47
78006179,02:16:41
78003364,17:36:21
78003364,17:36:22
78003364,17:36:20
78003364,02:16:41
78003364,02:16:42
78003364,02:16:45
78003222,17:36:15
78003222,02:16:59
78003354,01:43:37
78003354,01:43:37
78003354,01:43:38
78003354,01:43:31
78003354,01:43:31
78003354,02:16:46
78003354,02:16:46
78003221,17:36:13
78003221,17:36:12
78003221,02:16:54
78003221,02:17:07
78003221,02:16:54
78003465,17:36:13
78003465,17:36:12
78003465,02:17:05
78003465,02:17:08
78003465,02:17:07
78003465,02:16:55
78003465,02:16:55
78006048,17:31:47
78006048,02:01:37
78006048,02:17:05
78006048,02:17:10
78006048,02:17:12
78006112,17:29:57
78006112,17:29:59
78006112,17:31:44
78006112,17:31:39
78006112,17:31:39
78006112,02:17:39
78006112,02:32:09
78006102,17:31:56
78006102,17:31:55
78006102,17:31:54
78006102,17:31:49
78006102,17:31:49
78006102,02:18:02
78006102,02:17:59
78006102,02:18:03
78003030,17:36:21
78003030,17:36:19
78003030,17:36:21
78003030,17:36:15
78003030,17:36:16
78003030,02:18:03
78003030,02:18:03
78003030,02:30:06
78003030,02:30:11
78003030,02:30:13
78003030,02:30:12
78003029,17:36:22
78003029,17:36:23
78003029,17:36:16
78003029,17:36:16
78003029,02:18:05
78003029,02:17:53
78003029,02:17:53
78003029,02:30:05
78003029,02:30:10
78003029,02:30:11
78003029,02:30:09
78006153,17:31:47
78006153,17:31:45
78006153,02:18:33
78006153,02:18:38
78006040,17:31:48
78006040,17:31:48
78006040,17:31:41
78006040,17:31:41
78006040,02:18:40
78006040,02:18:44
78006040,02:33:18
78006040,02:33:20
78006040,02:33:19
78006040,02:33:23
78006040,02:33:26
78006040,02:33:29
78006040,02:33:47
78006040,02:33:49
78006040,02:33:51
78003542,17:36:15
78003542,17:36:14
78003542,02:18:57
78003542,02:19:00
78003542,02:18:47
78003542,02:18:47
78003542,02:28:25
78003542,02:28:27
78003542,02:28:25
78003542,02:28:28
78003542,02:28:23
78006145,17:31:50
78006145,17:31:48
78006145,02:19:55
78003265,17:36:11
78003265,17:36:14
78003265,17:36:07
78003265,17:36:07
78003265,02:19:50
78003265,02:20:09
78003265,02:20:19
78003265,02:20:22
78003265,02:20:09
78003265,02:59:00
78006015,17:31:47
78006015,17:31:46
78006015,02:20:06
78006069,17:29:37
78006069,17:29:37
78006069,17:31:18
78006069,17:31:19
78006069,17:31:21
78006069,17:31:23
78006069,17:31:57
78006069,17:31:55
78006069,02:20:12
78006069,02:25:20
78006069,02:25:19
78006069,02:29:39
78006069,02:29:44
78006062,17:32:41
78006062,17:33:05
78006062,17:33:08
78006062,17:33:14
78006062,17:33:41
78006062,17:33:42
78006062,17:36:02
78006062,17:36:02
78006062,02:20:30
78006062,02:20:34
78006062,02:20:37
78006062,02:20:34
78006062,02:20:34
78006062,02:20:47
78006062,02:20:53
78006062,02:20:59
78006062,02:21:23
78006168,17:31:53
78006168,02:20:55
78006168,02:29:53
78006168,02:29:53
78006168,02:53:57
78006168,02:53:58
78006168,02:53:51
78006168,02:53:51
78003003,17:36:14
78003003,17:36:14
78003003,17:36:07
78003003,17:36:07
78003003,02:21:06
78003003,02:28:23
78003003,02:28:28
78003003,02:28:21
78003003,02:28:23
78003543,17:33:41
78003543,17:34:02
78003543,17:34:13
78003543,17:34:25
78003543,17:34:28
78003543,17:34:31
78003543,17:34:32
78003543,17:36:12
78003543,17:36:15
78003543,17:36:09
78003543,17:36:08
78003543,02:20:56
78003543,02:21:05
78003543,02:21:08
78003543,02:20:56
78003543,02:55:38
78003543,02:55:37
78003543,02:55:39
78006117,17:28:26
78006117,17:28:26
78006117,17:31:56
78006117,17:31:55
78006117,02:21:18
78006117,02:30:44
78006117,02:30:47
78006117,02:30:46
78006117,02:30:48
78006152,17:31:48
78006152,02:21:32
78003389,17:36:23
78003389,17:36:24
78003389,17:36:23
78003389,02:21:34
78003389,02:21:37
78003389,02:21:23
78003389,02:21:23
78003389,02:29:22
78003386,17:36:23
78003386,17:36:22
78003386,17:36:21
78003386,17:36:22
78003386,02:21:33
78003386,02:21:38
78003386,02:29:21
78006019,17:31:52
78006019,17:31:49
78006019,17:31:45
78006019,17:31:45
78006019,02:21:57
78006019,02:22:02
78006019,02:49:37
78006019,02:49:38
78003357,17:20:47
78003357,17:20:47
78003357,17:36:22
78003357,17:36:20
78003357,02:21:56
78003357,02:22:07
78003357,02:22:09
78003357,02:22:12
78003357,02:21:57
78006104,17:31:49
78006104,17:31:43
78006104,17:31:43
78006104,02:22:34
78006148,17:31:48
78006148,17:31:46
78006148,02:22:38
78006148,02:22:42
78006199,17:31:48
78006199,17:31:49
78006199,17:31:47
78006199,02:22:52
78003546,17:36:15
78003546,17:36:16
78003546,17:36:09
78003546,17:36:09
78003546,02:22:53
78003546,02:22:56
78003546,02:22:43
78003546,02:22:43
78003535,17:19:53
78003535,17:19:52
78003535,17:19:53
78003535,17:19:54
78003535,17:26:51
78003535,17:26:56
78003535,17:26:42
78003535,17:26:42
78003535,17:36:18
78003535,17:36:17
78003535,17:36:19
78003535,02:23:05
78003535,02:23:08
78003535,02:35:14
78003535,02:35:17
78003535,02:35:17
78003535,02:35:19
78003535,02:35:21
78003535,02:35:23
78003535,02:35:24
78003535,02:35:26
78003535,02:35:29
78003535,02:35:32
78006189,17:31:53
78006189,17:31:54
78006189,17:31:51
78006189,17:31:47
78006189,17:31:47
78006189,02:23:21
78006189,02:23:25
78006134,17:31:52
78006134,17:31:50
78006134,02:23:31
78006134,02:23:29
78006134,02:23:34
78006134,02:49:19
78006134,02:49:21
78006134,02:49:26
78006134,02:49:27
78006134,02:53:11
78006134,02:53:13
78006134,02:53:11
78006191,17:32:03
78006191,17:32:04
78006191,17:32:03
78006191,17:32:02
78006191,17:32:02
78006191,17:31:58
78006191,17:31:58
78006191,02:24:10
78006191,02:24:14
78006073,17:38:42
78006073,17:38:44
78006073,17:38:42
78006073,17:38:42
78006073,17:38:45
78006073,17:38:32
78006073,17:38:32
78006073,17:38:33
78006073,02:25:19
78006036,17:31:46
78006036,17:31:49
78006036,02:25:11
78006036,02:25:22
78006036,02:25:11
78006036,02:25:32
78006036,02:25:34
78006036,02:25:36
78006041,17:31:48
78006041,17:31:48
78006041,02:25:24
78006041,02:33:21
78006041,02:33:44
78006041,02:33:50
78003534,17:19:46
78003534,17:19:46
78003534,17:19:50
78003534,17:19:52
78003534,17:26:54
78003534,17:26:40
78003534,17:26:40
78003534,17:36:17
78003534,17:36:17
78003534,17:36:18
78003534,17:36:17
78003534,17:36:18
78003534,02:25:35
78003534,02:25:38
78003534,02:25:41
78003534,02:34:48
78003534,02:34:50
78003534,02:34:52
78003532,02:26:28
78003532,02:26:31
78003532,02:26:29
78003532,02:33:40
78003532,02:33:41
78003532,02:33:35
78003532,02:33:38
78006184,17:31:49
78006184,17:31:49
78006184,17:31:41
78006184,17:31:41
78006184,02:26:30
78003106,17:33:09
78003106,17:33:24
78003106,17:33:26
78003106,17:33:30
78003106,17:33:31
78003106,17:33:56
78003106,17:33:57
78003106,17:34:17
78003106,17:34:46
78003106,17:35:00
78003106,17:35:06
78003106,17:35:09
78003106,17:35:10
78003106,17:35:12
78003106,17:35:15
78003106,17:35:16
78003106,17:35:19
78003106,17:35:21
78003106,17:35:22
78003106,17:35:24
78003106,17:35:27
78003106,17:35:28
78003106,17:35:31
78003106,17:35:35
78003106,17:35:37
78003106,17:35:39
78003106,17:35:40
78003106,17:35:43
78003106,17:35:45
78003106,17:35:47
78003106,17:35:50
78003106,17:35:51
78003106,17:35:53
78003106,17:35:55
78003106,17:35:57
78003106,17:36:00
78003106,17:36:08
78003106,17:36:10
78003106,17:36:13
78003106,17:36:06
78003106,17:36:06
78003106,02:01:05
78003106,02:18:00
78003106,02:18:00
78003106,02:18:32
78003106,02:18:42
78003106,02:18:47
78003106,02:18:48
78003106,02:26:42
78003106,02:26:42
78006057,17:31:55
78006057,17:31:54
78006057,17:31:48
78006057,17:31:48
78006057,02:26:45
78006188,17:31:53
78006188,17:31:53
78006188,17:31:54
78006188,17:31:47
78006188,17:31:47
78006188,02:26:46
78006188,02:26:50
78006072,17:38:32
78006072,17:38:43
78006072,17:38:47
78006072,17:38:32
78006072,17:38:33
78006072,17:38:33
78006072,17:38:59
78006072,17:38:58
78006072,17:38:58
78006072,02:27:07
78006175,17:38:45
78006175,17:38:48
78006175,17:38:46
78006175,17:38:50
78006175,17:38:33
78006175,17:38:59
78006175,17:38:36
78006175,17:38:59
78006175,02:27:04
78006175,02:27:09
78006001,17:31:48
78006001,17:31:47
78006001,02:27:29
78006091,17:31:46
78006091,02:27:46
78006121,17:31:47
78006121,17:31:40
78006121,17:31:40
78006121,02:28:19
78006121,02:32:09
78006121,02:32:08
78006167,17:31:54
78006167,17:31:53
78006167,02:26:47
78006167,02:26:52
78006167,02:29:53
78006167,02:29:52
78006167,02:33:55
78006167,02:34:05
78006167,02:34:10
78006167,02:33:55
78003290,17:36:09
78003290,17:36:11
78003290,17:36:04
78003290,17:36:04
78003290,02:06:10
78003290,02:06:12
78003290,02:29:47
78003290,02:29:46
78003290,02:29:48
78003290,02:29:52
78003023,17:36:21
78003023,17:36:22
78003023,02:09:22
78003023,02:09:10
78003023,02:09:10
78003023,02:30:09
78003024,17:20:25
78003024,17:20:26
78003024,17:36:18
78003024,17:36:22
78003024,17:36:20
78003024,17:36:24
78003024,17:36:17
78003024,17:36:18
78003024,02:20:47
78003024,02:30:10
78003024,02:30:14
78003024,02:30:16
78003024,02:30:18
78003024,02:30:12
78003024,02:30:12
78003027,17:18:50
78003027,17:18:56
78003027,17:18:56
78003027,17:18:56
78003027,17:36:17
78003027,17:36:18
78003027,17:36:21
78003027,17:36:16
78003027,17:36:16
78003027,02:18:03
78003027,02:18:06
78003027,02:30:11
78003027,02:30:13
78003027,02:30:17
78003027,02:30:10
78003027,02:30:10
78006129,02:30:57
78006129,02:49:21
78006129,02:49:27
78006129,02:53:14
78006193,17:31:54
78006193,17:31:55
78006193,17:31:48
78006193,17:31:48
78006193,02:31:25
78006193,02:31:27
78006193,02:44:28
78006193,02:44:29
78006193,02:44:28
78006193,02:44:30
78003443,17:36:18
78003443,17:36:19
78003443,17:36:19
78003443,17:36:12
78003443,17:36:12
78003443,02:31:24
78003443,02:31:28
78003443,02:31:29
78003443,02:31:30
78003443,02:42:38
78003443,02:42:40
78003443,02:42:43
78003443,02:42:44
78006013,17:31:51
78006013,17:31:49
78006013,02:31:44
78006013,02:41:10
78006013,02:41:12
78006013,02:41:08
78006013,02:41:08
78006109,17:31:47
78006109,17:31:39
78006109,17:31:39
78006109,02:22:03
78006109,02:32:05
78006109,02:32:03
78006111,17:29:49
78006111,17:29:51
78006111,17:29:54
78006111,17:29:58
78006111,17:30:01
78006111,17:30:02
78006111,17:30:05
78006111,17:30:04
78006111,17:30:08
78006111,17:30:09
78006111,17:30:10
78006111,17:30:13
78006111,17:30:15
78006111,17:30:25
78006111,17:30:27
78006111,17:30:36
78006111,17:30:38
78006111,17:30:39
78006111,17:30:42
78006111,17:30:45
78006111,17:30:50
78006111,17:30:51
78006111,17:30:54
78006111,17:30:56
78006111,17:30:58
78006111,17:31:01
78006111,17:31:02
78006111,17:31:04
78006111,17:31:06
78006111,17:31:10
78006111,17:31:13
78006111,17:31:15
78006111,17:31:17
78006111,17:31:19
78006111,17:31:21
78006111,17:31:26
78006111,17:31:29
78006111,17:31:31
78006111,17:31:32
78006111,17:31:35
78006111,17:31:37
78006111,17:31:39
78006111,17:31:41
78006111,17:31:43
78006111,17:31:45
78006111,17:31:37
78006111,17:31:37
78006111,02:07:01
78006111,02:32:06
78006111,02:32:05
78006111,02:32:07
78006157,17:31:47
78006157,17:31:45
78006157,02:07:41
78006157,02:32:14
78006157,02:32:19
78006157,02:32:20
78006157,02:32:22
78006157,02:32:24
78006157,02:32:26
78006157,02:32:29
78006157,02:32:30
78006157,02:32:32
78006157,02:32:34
78006157,02:32:36
78006157,02:32:38
78006157,02:32:50
78003254,16:48:15
78003254,17:36:22
78003254,17:36:21
78003254,17:36:22
78003254,02:05:09
78003254,02:05:18
78003254,02:05:09
78003254,02:32:19
78003254,02:32:21
78003254,02:33:00
78003254,02:33:02
78003254,02:33:05
78003254,02:33:10
78003254,02:33:13
78003254,02:33:12
78003254,02:33:14
78003254,02:33:16
78003254,02:33:18
78003254,02:33:20
78006020,17:31:51
78006020,17:31:51
78006020,17:31:44
78006020,17:31:44
78006020,02:32:25
78006020,02:32:30
78006020,02:49:33
78006020,02:49:32
78006020,02:49:34
78003260,17:36:24
78003260,17:36:22
78003260,02:05:20
78003260,02:05:24
78003260,02:32:27
78003260,02:32:30
78003260,02:32:32
78003260,02:33:37
78006037,17:31:46
78006037,17:31:49
78006037,17:31:41
78006037,17:31:41
78006037,02:33:13
78006037,02:33:15
78006037,02:33:17
78006037,02:33:19
78006037,02:33:31
78006135,17:31:51
78006135,17:31:52
78006135,17:31:50
78006135,02:34:38
78006135,02:34:43
78006135,02:49:35
78006135,02:49:40
78006135,02:49:42
78006135,02:49:44
78006135,02:53:14
78006135,02:53:14
78003529,17:36:19
78003529,17:36:18
78003529,02:25:37
78003529,02:25:40
78003529,02:34:43
78003529,02:34:42
78006038,17:31:46
78006038,17:31:42
78006038,17:31:42
78006038,02:35:22
78006038,02:35:27
78006066,16:48:38
78006066,17:16:09
78006066,17:16:24
78006066,17:16:09
78006066,17:31:49
78006066,17:31:49
78006066,02:27:08
78006066,02:27:12
78006066,02:36:09
78006066,02:36:09
78006066,02:36:09
78006066,02:37:51
78006066,02:37:54
78006066,02:37:41
78006034,17:31:54
78006034,17:31:55
78006034,17:31:54
78006034,02:36:29
78006034,02:36:32
78006034,02:36:30
78006034,02:36:34
78006192,02:36:44
78006192,02:36:45
78006192,02:36:46
78006064,16:48:40
78006064,17:16:21
78006064,17:16:06
78006064,17:16:22
78006064,17:16:06
78006064,17:31:49
78006064,17:31:49
78006064,17:31:42
78006064,17:31:42
78006064,02:37:49
78006064,02:37:54
78006064,02:55:55
78006064,02:55:53
78006064,02:55:57
78006064,02:55:59
78006064,02:55:53
78006064,02:55:54
78006096,17:31:46
78006096,17:31:49
78006096,17:31:42
78006096,17:31:42
78006096,02:39:03
78006096,02:39:07
78006017,17:31:48
78006017,17:31:51
78006017,17:31:44
78006017,17:31:44
78006017,02:39:08
78006017,02:39:12
78006017,02:49:35
78006017,02:49:37
78006017,02:49:42
78006017,02:49:43
78006021,17:31:51
78006021,17:31:51
78006021,17:31:43
78006021,17:31:43
78006021,02:39:07
78006021,02:39:12
78006021,02:49:35
78006021,02:49:34
78006021,02:57:37
78006021,02:57:37
78006194,17:31:53
78006194,17:31:53
78006194,17:31:53
78006194,02:39:41
78006194,02:39:54
78006194,02:39:57
78006194,02:39:58
78006194,02:39:43
78006195,17:31:54
78006195,02:39:58
78006195,02:39:45
78006195,02:39:45
78006195,02:44:31
78006195,02:44:32
78006132,17:31:52
78006132,17:31:50
78006132,17:31:51
78006132,02:40:50
78006132,02:40:53
78006132,02:40:56
78006132,02:40:58
78006132,02:41:01
78006132,02:41:03
78006132,02:41:05
78006132,02:41:06
78006132,02:49:27
78006132,02:49:32
78006132,02:49:34
78006132,02:53:15
78006132,02:53:14
78006130,17:31:52
78006130,17:31:52
78006130,17:31:45
78006130,17:31:45
78006130,02:40:56
78006130,02:40:57
78006130,02:41:02
78006130,02:41:07
78006130,02:41:09
78006130,02:49:31
78006130,02:53:13
78006130,02:53:15
78006005,17:31:51
78006005,17:31:50
78006005,02:25:26
78006005,02:41:06
78006005,02:41:06
78003257,02:41:25
78003257,02:41:27
78003257,02:41:28
78003252,17:33:39
78003252,17:34:23
78003252,17:36:09
78003252,01:56:57
78003252,02:41:25
78003252,02:41:27
78003252,02:41:28
78006123,17:31:52
78006123,17:31:52
78006123,17:31:52
78006123,17:31:45
78006123,17:31:45
78006123,02:41:45
78006122,17:31:53
78006122,17:31:49
78006122,17:31:52
78006122,17:31:46
78006122,17:31:46
78006122,02:41:47
78006098,17:31:45
78006098,17:31:49
78006098,17:31:47
78006098,17:31:42
78006098,17:31:42
78006098,02:43:10
78006098,02:43:15
78006097,17:31:46
78006097,17:31:50
78006097,17:31:50
78006097,17:31:43
78006097,17:31:43
78006097,02:43:09
78006097,02:43:15
78006166,17:13:18
78006166,17:13:25
78006166,17:13:52
78006166,17:13:49
78006166,17:13:49
78006166,17:20:22
78006166,17:20:22
78006166,02:43:18
78006166,02:43:23
78006166,02:53:51
78006166,02:53:53
78006166,02:53:57
78006166,02:53:52
78006131,17:31:51
78006131,17:31:51
78006131,17:31:44
78006131,17:31:44
78006131,02:44:18
78006131,02:44:23
78006131,02:49:25
78006131,02:49:31
78006131,02:53:19
78006131,02:53:20
78006131,02:53:20
78006131,02:53:31
78006131,02:54:32
78006131,02:54:34
78006131,02:54:37
78006131,02:55:29
78006131,02:55:32
78006139,17:31:52
78006139,17:31:50
78006139,02:44:18
78006139,02:44:23
78006139,02:49:45
78006139,02:49:47
78006139,02:49:52
78006139,02:53:19
78006139,02:53:21
78006139,02:53:20
78006139,02:53:20
78006059,17:31:52
78006059,17:31:53
78006059,17:31:46
78006059,17:31:46
78006059,02:44:21
78006059,02:44:23
78006059,02:49:30
78006059,02:49:36
78006059,02:53:10
78006059,02:53:10
78006059,02:53:12
78006059,02:53:15
78003032,16:51:31
78003032,16:51:31
78003032,17:36:21
78003032,17:36:22
78003032,17:36:16
78003032,17:36:16
78003032,02:04:34
78003032,02:44:27
78003032,02:44:29
78006141,17:31:51
78006141,17:31:50
78006141,02:44:20
78006141,02:44:25
78006141,02:49:23
78006141,02:49:25
78006141,02:52:09
78006141,02:52:11
78006141,02:52:09
78006127,17:29:55
78006127,17:29:59
78006127,17:31:20
78006127,17:31:42
78006127,17:31:46
78006127,17:31:38
78006127,17:31:38
78006127,02:04:01
78006127,02:44:34
78006127,02:44:33
78006159,17:18:25
78006159,17:18:25
78006159,17:30:22
78006159,17:30:24
78006159,17:31:47
78006159,17:31:45
78006159,02:10:26
78006159,02:45:04
78006159,02:45:18
78006159,02:45:15
78006159,02:45:15
78006133,17:31:54
78006133,17:31:52
78006133,02:49:15
78006133,02:49:21
78006133,02:49:23
78006133,02:53:12
78006133,02:53:13
78006058,17:31:52
78006058,02:44:23
78006058,02:44:25
78006058,02:49:21
78006058,02:49:22
78006058,02:49:27
78006058,02:49:29
78006058,02:53:15
78006058,02:53:17
78006058,02:53:16
78006058,02:53:17
78006058,02:53:19
78006060,17:31:54
78006060,17:31:52
78006060,02:43:38
78006060,02:43:43
78006060,02:49:30
78006060,02:53:13
78006060,02:53:13
78006136,17:31:53
78006136,17:31:51
78006136,02:44:21
78006136,02:44:26
78006136,02:49:28
78006136,02:49:34
78006136,02:53:10
78006018,17:31:52
78006018,17:31:52
78006018,17:31:44
78006018,17:31:44
78006018,02:49:35
78006018,02:49:36
78006018,02:50:07
78003306,17:36:20
78003306,17:36:19
78003306,02:10:14
78003306,02:10:17
78003306,02:51:08
78003306,02:51:09
78006164,17:31:53
78006164,17:31:54
78006164,17:31:52
78006164,02:44:05
78006164,02:44:10
78006164,02:53:57
78006164,02:53:58
78006165,17:31:54
78006165,17:31:55
78006165,17:31:53
78006165,02:43:18
78006165,02:43:23
78006165,02:53:55
78006165,02:53:56
78006165,02:53:50
78006165,02:53:50
78006180,17:31:51
78006180,17:31:51
78006180,17:31:51
78006180,17:31:44
78006180,17:31:44
78006180,02:55:38
78006180,02:55:39
78006180,02:55:34
78006180,02:55:34
78006200,17:32:57
78006200,17:32:59
78006200,17:33:18
78006200,17:33:18
78006200,17:33:58
78006200,17:34:26
78006200,17:34:27
78006200,17:34:31
78006200,17:34:30
78006200,17:34:52
78006200,17:35:30
78006200,17:36:10
78006200,17:36:03
78006200,17:36:03
78006200,02:04:07
78006200,02:03:58
78006200,02:03:58
78006200,02:55:40
78006200,02:55:41
78006200,02:55:35
78006009,16:49:23
78006009,16:49:46
78006009,17:29:55
78006009,17:31:47
78006009,02:57:10
78006009,02:57:10
78003230,17:36:15
78003230,17:36:15
78003230,02:10:11
78003230,02:10:14
78003230,02:49:24
78003230,02:49:25
78003230,02:49:27
78003230,02:49:27
78003230,02:49:26
78003230,02:49:27
78003230,02:57:14
78003230,02:57:18
78003230,02:57:54
78003230,02:57:54
78003230,02:58:01
78003230,02:58:01
78003002,18:45:49
